Date,Page followers,Total impressions,Organic impressions,Total page reactions,Total reach,% of reach from organic,% of reach from paid,Page post engagements,Total likes,New likes,Unlikes,Net likes,RowHash
2/3/2025,2146,16,0,0,16,,0,0,2109,0,0,0,ef87c8184ef59de1d7c83833fd28aba94a9f26343482ec891d7d8b2a2bd61c35
1/3/2025,2146,108,0,5,101,,0,9,2111,1,0,1,50ae2eba54bce2196bab4d40afe6970691ba51c78c0287294cb5bcc6e04a740d
28/02/2025,2145,1,0,0,1,,0,0,2110,0,0,0,671d002ee27ad653a043db917f4f26c2ef521efe507938630905c23354f0d117
27/02/2025,2145,9,0,0,3,,0,0,2110,1,0,1,641223fa553c09a2f7aace7993a703ec0532368a5da577dbb6377bb9f0982f5a
26/02/2025,2144,5,0,0,3,,0,0,2109,0,1,-1,7460cb1200c8399b7228e0117f286f85d27d66931758f17ae638324ce449fac4
25/02/2025,2145,0,0,0,0,,0,0,2110,0,2,-2,9fb19de2515a5b2a4d35f246c027abb7b3b7a1cb4d2c07cc1a0d15b6bbb8d6ea
24/02/2025,2147,1,0,0,1,,0,0,2112,0,0,0,f3c299ed6fb8763348aad18b07a8de29d41e71e7049ee10d14571876a2181d9d
23/02/2025,2147,1,0,0,1,,0,0,2112,0,0,0,4d3f5971bde5d05b420d38aa055e8b2d591da0fd91feff13440361d118440131
22/02/2025,2147,0,0,0,0,,0,0,2112,0,1,-1,5d913e2e072d0e7e064ae3b45c5d4c55be370dafa0f23b86b6d2f70bdf9da364
21/02/2025,2148,3,0,0,3,,0,0,2113,1,0,1,acd15211867b5e4036fc82c059317c91e58d9cb88b9725b6528d50efc622da4e
20/02/2025,2147,19,0,0,5,,0,0,2112,0,0,0,3625d46956c9bc75773d1d8db71862f4ed42c9e03f503d7c48a025ed9d929329
19/02/2025,2147,13,0,0,7,,0,0,2112,0,0,0,e8fa8f7627ae4d15fdeb893f9e957d4d7286a503400fe4db64db2df2e39b0f93
18/02/2025,2147,12,0,0,3,,0,0,2112,0,0,0,6d4a597d6293318c5ef0d7bb8513aa215ad876b7a3acc656206825a0787c437e
17/02/2025,2147,22,0,0,3,,0,0,2112,1,0,1,0a32a08965fea5c33cb7e8e2818a3e038d8c64af57cf0461b28f1acbc5622511
16/02/2025,2146,5,0,0,5,,0,0,2111,0,0,0,815e5fb4c25a8fbb7011c7a214747e6dd5d9a84d40092b5680c6633a9c896b12
15/02/2025,2146,7,0,0,2,,0,0,2111,0,0,0,879e94e848fbcab651a3225e86b9877f63bb0da5e57fcbeba5f51c0a2a0842ac
14/02/2025,2146,47,0,0,6,,0,0,2111,0,0,0,9109bcf40ee74654f9a14d78cadd3bca02c1247afd8ebb944a9317db879efdc3
13/02/2025,2146,22,0,0,4,,0,0,2111,0,0,0,8635b9f77c831832b21cea8109e8888e08314a5308a921eb9ffca9d3ca8fbf44
12/2/2025,2146,45,0,0,38,,84.21,2,2111,0,0,0,f1fc8c4e974d5f2ece397a45ab4cb296a9120ab1b2c6e545cc8f4fc9a3cf9216
11/2/2025,2146,863,0,1,754,,99.87,65,2111,0,1,-1,6d5cc6b71794e90c80b5acc6333cad4f3b1eb743ca481c8667f045bce12bcc82
10/2/2025,2147,605,0,2,565,,99.65,37,2112,0,0,0,3f0ea56fc4055255b5ea3f77c7b3c7a9a5ec9cb8a438204e10aac56210485760
9/2/2025,2147,635,0,2,571,,100,49,2112,0,0,0,4a5892e6a8202d084483d5d4454c9e1a02524541ae9709d5642890d948d0acaa
8/2/2025,2147,779,0,2,658,,99.39,52,2112,0,1,-1,b08930455b980813aa7f37c70218b496406b0477bacd6dbc684af103ba3ea205
7/2/2025,2148,497,0,1,444,,99.77,39,2113,0,0,0,15a501768d66654710000c3be5e56adb014949008c9b9fa16ec2e7a85267b8f1
6/2/2025,2148,427,0,1,372,,99.19,24,2113,2,1,1,b089b05d53c4c2b87189e7ead29775c29ff60d8198de9d4a07dd340093e369c6
5/2/2025,2147,485,0,1,436,,99.77,31,2112,0,0,0,8699aef0f20fe1d038eb27aec5ba62b9cc581cf47f2b97b0efe429dba2bd0d40
4/2/2025,2147,352,0,2,313,,99.68,30,2112,0,1,-1,6351515bf19fe248011d3d7ba58cbcdca0260d4540d4deac26c4fd8088dc27ee
3/2/2025,2148,801,0,0,721,,100,44,2113,0,0,0,8f7b706d3c62105660493f29ed29263c1825311ad4043235f907691fb5fb4ff6
2/2/2025,2148,630,0,4,571,,100,26,2113,0,0,0,158d8982c9a0f5128a497b12681da51e9dd549fc96df812c5ec9515b6ccfcdb6
1/2/2025,2148,813,0,3,740,,100,40,2113,0,0,0,f762015f74c2e7b202fb04a2db5ef6823959a7c19ee586b51a537d9c54a1eb7b
31/01/2025,2148,667,0,2,628,,99.84,34,2113,1,1,0,5f2db0048dd26b4a8b640b2ff4d788684e311383b40d1fcebd0eb70977adffe8
30/01/2025,2148,482,0,2,449,,99.78,28,2113,1,0,1,d62cad0c84f76b198d897edc5a29e2b5629cb8f4fc5ba65aedcfe5c8a1d6facf
29/01/2025,2147,521,0,3,498,,99.4,36,2112,0,0,0,97e1b840b661e667971a52e8dcaae2f409a316b31ae450789f598a07f4ee35b8
28/01/2025,2147,575,0,2,511,,99.61,27,2112,0,0,0,f2fb2c615e8b8e6882ebffe64fe5494bf1ad56680ad10ff0625f470bdbb6ac34
27/01/2025,2147,811,0,3,734,,100,48,2112,3,0,3,91c9e2ce357d44fc2a17151ec32851866293cf3b450db8a5313ec087c2dbf68c
26/01/2025,2144,474,0,1,450,,99.56,23,2109,1,1,0,bb23c484789d7db6b3c431c296cea89dd402bf5cddad5cb44c02408bbd9c21ee
25/01/2025,2144,383,0,1,355,,99.15,19,2109,0,0,0,0c7be308a1b522eeb88a40cd3cd8a4fdd71c176df2950e91382a685b014e1271
24/01/2025,2144,454,0,1,401,,98,22,2109,0,0,0,f6c2f6f046709e2d55532998102ed79c0ed9c565e8efdee532ff3da1e7149742
23/01/2025,2144,526,0,1,469,,98.08,23,2109,0,0,0,f2cbd5dadc7e5407e79d751e92f2b5c9ecd4d881be782d7fa356c9df72c2289c
22/01/2025,2144,455,0,4,426,,97.89,24,2109,0,0,0,d0b008e4ac88ef856e8dc83175cca89ff6b55f4e2fe80d9641ad02eb7e092c49
21/01/2025,2144,513,0,4,470,,96.81,31,2109,1,0,1,d3b0af41fc69216745a0e4f31021d55b0f53a1828fcee083014b0e7e776fb906
20/01/2025,2143,13235,0,57,12388,,99.43,529,2108,11,1,10,feb83f6b1f1b1d3c4ae897d09133e643d7e278e10f3bfc10ba6415c358006869
19/01/2025,2133,14274,0,73,12123,,99.66,702,2098,15,1,14,7e7e7da14cfd69f4700e7cfb7d4aa3cd7b22bad2030aec829019095c733b2a75
18/01/2025,2119,9857,0,41,8911,,99.58,588,2084,9,0,9,f7ad982ef8123743b80920f630f5ef769b0b4aecfb2ded74774e5d916849e01a
17/01/2025,2110,9699,0,44,8613,,99.4,549,2075,10,0,10,5362a532686e0e7ff410074e04e42d8adbeb45d38a08fee8314dea8dc1ec8dc0
16/01/2025,2100,10696,0,70,9307,,99.81,673,2065,10,0,10,43cf6010ec399882115b16b05efae9476094c6281a87d27b36f5789bf2555b05
15/01/2025,2090,11040,0,68,9921,,99.68,717,2055,10,1,9,9c5a5a563912ccc7c9c0c598fbbadbf5d84a78e386729268e3323abcadb8a876
14/01/2025,2080,8371,0,33,7383,,99.85,581,2046,11,0,11,119ecd6e93ef03a352437b5a20a0f1ae3a022476966e8ceeccefe8f5e59932dc
13/01/2025,2069,5658,0,26,5230,,99.1,353,2035,5,0,5,fd19492f2857cff20bdf70ff44f894c4bcd1153481713a949669a3fc92d8a3fd
12/1/2025,2064,10317,0,53,9218,,99.95,457,2030,12,1,11,76e7751fe36ea91a7abc9a60e084d013882152323f295d94a39705dab29022b1
11/1/2025,2053,13009,0,99,11696,,99.69,627,2019,28,1,27,1b2d068d5fdc2673e686b7379a26f10b6b481388e544399079196c6599d7293e
10/1/2025,2026,13144,0,104,10914,,99.94,620,1992,28,0,28,df15423afb9ad12c0f6cb06f5b02e2e4068259c362ef05ca8de3831b3ab9d4df
9/1/2025,1998,11774,0,96,10505,,99.66,562,1964,15,0,15,9c15b9d8b079950b4fa748d60f7ca75d025c0ff2bc702186ec6a9ebbbdab68ae
8/1/2025,1983,9687,0,91,8707,,99.87,610,1949,17,1,16,b501787740b49c2a91b449f3dba2dd78d9ed608a66469f8496835c1035d7c1b1
7/1/2025,1967,9403,0,66,7954,,99.75,736,1933,26,0,26,1f79ced845b4fb749562b9bf40ed2610a8f84aeabc62e753f663a6e1a04d060b
6/1/2025,1941,3274,0,29,2734,,99.71,324,1907,5,0,5,01c4fd3ff0728b83a8c98e4deea5ebee29d53e83c685261e18093ea38b198416
5/1/2025,1936,1572,0,7,1398,,99.14,149,1902,2,0,2,e13e9e540f76734d46e365cc5f67d609c03170f02a30ba1a6785d54eaab75dc9
4/1/2025,1934,655,0,4,588,,99.32,49,1900,2,0,2,3193d08c6e24ace97c823610196eb018b67f24775b57aee1603ab77b1a65ec3f
3/1/2025,1932,564,0,1,517,,99.81,51,1898,0,0,0,c9f4b4518942d2a5db1e0941fed182f0f3993225493406e07675d844e2b02c09
2/1/2025,1932,574,0,2,542,,99.63,36,1898,1,0,1,b4665eeac0060626207844b6d1c3a76f73282132927ba85feec806b49bfe088d
1/1/2025,1931,653,0,1,615,,99.51,53,1897,2,0,2,48482210dc442d06f44678cb076421fc5ece10335764e8569712b1ebbd780c06
31/12/2024,1929,785,0,1,721,,100,65,1895,2,1,1,4e263176e616b8ef0eb9f6470e35cb841952360f44259a1f575a3dcad886c944
30/12/2024,1928,793,0,4,686,,99.85,49,1894,2,0,2,c7273b9c9dabb5325708af2b52939b28907058596e5d449044fc778d8ca3f2de
29/12/2024,1926,778,0,3,741,,99.6,64,1892,3,0,3,4d6db3dcdad451b2dc73a67bdcf2f69dedb01be4badeab19260307764c0b6c89
28/12/2024,1923,619,0,4,596,,98.49,64,1889,2,1,1,4984f1d781374794f305eb60729580b9ae4e9c0d37a2d9166a2cbf1eae5f79be
27/12/2024,1922,573,0,0,506,,98.42,52,1888,1,0,1,bbbfc4892ccac5f210b556c9b90e434f639f9f2915fb5537f0fa315c19f76455
26/12/2024,1921,637,0,4,609,,98.52,34,1887,0,0,0,4cfc887aa6e0af3b52898272765b9446d3bc5187ad969dfc3081e8239c963075
25/12/2024,1921,839,0,8,781,,98.98,59,1887,0,0,0,6e5cc2970489d81dc7968483f8fbd865444cdae8235459381b4ccb08d29a5ac5
24/12/2024,1921,1095,0,4,1016,,98.92,61,1887,0,0,0,7206ea1720bc4cdf4cfd9b21793cd36d366c4dc7c5d06f808f6cec97b2e1490f
23/12/2024,1921,1115,0,8,988,,96.66,67,1887,1,0,1,a16cff3c07c7f096f3d0d500ac57e309485b2d753043a9cff9152f72cf34903a
22/12/2024,1920,1063,0,13,969,,85.14,76,1886,1,0,1,717815f0f8abe67ee2aad6cf0532165ea5bd98f096068c3a67315667fe416029
21/12/2024,1919,214,0,3,185,,95.14,23,1885,0,0,0,7b6d97891b5d3d8fd886aec62c77aa936b54510deebcfd80c182cd34bebc58e8
20/12/2024,1919,54,0,0,44,,61.36,6,1885,0,1,-1,de1129e62fa1a9414e44ca3dda50f67a6c29bd0ee35cf36f75532a2e69d23d68
19/12/2024,1920,5,0,1,5,,0,1,1886,1,0,1,4b7beec6caba8099653ccfc9341df54c4ca4277af261ce70a2087ed05dfdc778
18/12/2024,1919,22,0,0,12,,0,0,1885,1,1,0,595b978e8d3f0cd281a3e02ff9f5fc1e86bb67b8e8b26e769ba221bf5032779c
17/12/2024,1919,19,0,0,14,,0,0,1885,0,1,-1,0b7bcc71a045128dc5a3df6e491aa2e673c44fc2d2c4f6cca4d481cec472c2cb
16/12/2024,1920,338,0,0,11,,0,0,1886,0,0,0,7fa87a8f3e450ad8f8cbc020e68e4026f29c0efe1e8155eb4a72d35be3d0f2cc
15/12/2024,1920,17,0,0,12,,0,0,1886,0,1,-1,c7dec9eee362fd031d6e37118dfaea3dafd9344044d55894681d91cef19701e1
14/12/2024,1921,15,0,0,14,,0,0,1887,0,0,0,f3584546defbf242efbce9a6e6d92f4253644cc34696a7f80abe0767d87068fb
13/12/2024,1921,28,0,0,27,,0,0,1887,0,1,-1,2b860ffe0b1d24ecf41ded9aed7e33202ab22d0ea7044a96b515cdb9e8394cdc
12/12/2024,1922,1,0,0,1,,0,0,1888,0,0,0,b7c4d13a67cddef974b5a18d16735d6a0aae11b7af6d545ddc6867614d228ccc
11/12/2024,1922,3,0,0,3,,0,0,1888,0,0,0,00f3975cf184ca440bd92dbde105c2cfad12371ea23db08816c10d2b31fe45c8
10/12/2024,1922,3,0,0,3,,0,0,1888,1,0,1,4874becef45997674ae3f2caa141bb8d380a56e9df8c3cd4c74b584c86b1eb1a
9/12/2024,1921,15,0,0,8,,0,1,1887,0,1,-1,e144eb599aafc256c10730f5ed207c3c42fc217880450e107c87b95877a45fbb
8/12/2024,1922,11,0,0,8,,0,0,1888,1,0,1,988bb75b3aa915be5995f528ce2aea052a71c636b84d5736c16dc1fd79d8d198
7/12/2024,1921,13,0,2,8,,0,2,1887,0,0,0,3083936345034608de6f29a23782276a95229f5af9f8146e63fa46a9308c4132
6/12/2024,1921,27,0,0,11,,0,1,1886,0,1,-1,cd80a0ff01f93faf02a0a823bdb07a24c0697189468928995d65e5bc4c8e9b3b
5/12/2024,1922,52,0,3,33,,0,5,1887,0,0,0,072cd473799763054dff0550c2879cdf1d5e243a0214370f3f874b2214a72e44
4/12/2024,1922,14,0,0,13,,0,0,1887,0,1,-1,eabae70f8e8b0844354ebe614d6f27c343eca79eb9b3a0f8a9bc5cb7791dd1c9
3/12/2024,1923,36,0,2,32,,0,4,1888,0,1,-1,1ef20c07abee5016e890774d46188ff63505682b63ae44ed9dd2d2fd6418b8eb
2/12/2024,1924,12,0,1,11,,0,1,1889,2,1,1,6ea66ee30ab1177f242a86e08fcca57251e4fbd546335963c3f8bc3e9c0fdafb
1/12/2024,1923,493,0,0,30,,0,2,1888,0,0,0,98443153a70a322cdec8df31a65e0f8fa220fe0464a46441fe5a3556414a8bd5
30/11/2024,1923,66,0,2,61,,0,5,1888,1,0,1,5e1b189f234e2c4795f6e35ac6af3c77a4628e82f6c557e301dc293eb75b8566
29/11/2024,1923,40420,0,220,37272,,100,658,1889,39,0,39,80719ed8430ba4f1788e6fc415607257a50d48beec1c8d6f73131fa0eae3aefd
28/11/2024,1884,24,0,0,24,,0,0,1850,0,0,0,d8ba86b2dcbd1be00d1ea826df10b49b3cae4d5fec8803cf5ade7ed457fce692
27/11/2024,1884,10,0,0,6,,0,0,1850,0,0,0,13dd2cdd94f67c8f83d790907c16005b246b93fb30789bfa5d2c48372ac20af1
26/11/2024,1884,9,0,0,6,,0,0,1850,0,0,0,d62ed7796efe0ca4dc4b0ddebbfcf37af26d5a9017bb7fef27f24fa31cf535c5
25/11/2024,1884,3,0,1,2,,0,1,1850,0,0,0,6859ca4d001d7e2e1588a123bad800586570a9227dfa643102cef2686dd581ab
24/11/2024,1884,18,0,0,14,,0,0,1850,0,0,0,36edfe0d7720a5afbd4ec2652ea78d3170a8aaf2828a2654c0f083041208cc94
23/11/2024,1884,21,0,0,20,,0,0,1850,0,0,0,02ffc597b44c3644241049301ecbc51c08697128af13807bb169ca30e0f8c425
22/11/2024,1884,105,0,53,31,,0,53,1850,0,0,0,3bd4ee84a5cfd369c056b748789389b6b5b2acbe43bc60a9548fd6b37a74f036
21/11/2024,1884,37,0,2,30,,0,2,1850,0,0,0,4bf2c52755586df7ed374247d2521cbd29500b0a4af1a7d6eed979b2f2c09c0e
20/11/2024,1884,32,0,1,22,,0,1,1850,1,0,1,48948a4ef56d346ea5dab6bf7cb4bf19f6440d380807203b527bfe871d4d5725
19/11/2024,1883,49,0,1,42,,0,3,1849,1,0,1,e73c0cf38da257001dd90fd5f037ac9dbe04d1fa350eb364abc7f668718a91ee
18/11/2024,1882,42,0,1,32,,0,5,1848,1,0,1,ce0411d2977a3f5be66d399d8cd28a475d76748f4b622f3952a12a871f5352a1
17/11/2024,1881,60,0,1,51,,0,5,1847,2,0,2,7b0a0d500e2fd5ebb56a2fd78ab00c1645ab71e18aa025dea273922175bc1ed8
16/11/2024,1879,167,0,5,111,,0,28,1845,1,0,1,92143ee919abe5f000349cfbe89d5b77e75096034ecd3e4443eb19c0cc5fbe5c
15/11/2024,1879,37738,0,240,34643,,99.56,799,1845,43,1,42,a09608a3234b34236ff7b1625f6656d6b88f8f9734baed1e5df9ec8fcee56908
14/11/2024,1837,43018,0,288,40810,,99.96,963,1803,51,1,50,43ab392fcd159efbc5d531bede6f53806d510267b05b1060a7dba9671e5f5670
13/11/2024,1787,66889,0,408,62609,,99.77,1364,1751,82,0,82,3e333805826d89a030ed3a24d2507e24f8a5b7d0306d4c5a8b06373fd8f574ef
12/11/2024,1705,32800,0,215,31206,,99.94,785,1668,44,0,44,d3cea3eaa4e3318a4a07a61f5a9aca90e7061a2b6034aa860d25fdfe5acdaf99
11/11/2024,1661,49075,0,344,47611,,99.95,1210,1624,55,1,54,b187d1bdc0ae259f1cc1efac512de495b27814c7d39ee07dfab29f46ab7b5e18
10/11/2024,1607,45735,0,253,42366,,99.87,981,1570,50,1,49,d6e6f7f8c9a4d19803585f8a2a6ccfc4b3a912699f06ccc75dff44489cad5efe
9/11/2024,1558,46374,0,248,42604,,100,989,1521,42,0,42,0a69af6fc4d92655fedc2c8278a9877691dfadeb9ef2869c9a63c4f8c3026ab0
8/11/2024,1517,38002,0,219,34113,,99.95,767,1480,28,4,24,e2d2f0e2dc0e6d43c70d5e01eeb3249491b9ec4900e90d73b942dcbf9e72492d
7/11/2024,1494,43960,0,298,41108,,100,1182,1454,68,1,67,8fa4e34a9705011bfa0befbc9cb88d17af3b38eb875117f515825805404edcb3
6/11/2024,1427,53440,0,369,49143,,100,1251,1387,79,3,76,2d8e1ee322022d9b761f415ca0ea4d088a1ae536e10e4d74b6c2d7b26a093b84
5/11/2024,1353,53756,0,371,49810,,99.97,1379,1310,64,2,62,454c77e28eea3b7dae1ab6c5ab3827ed663470aff550100a9b1c1cb1d5cfac06
4/11/2024,1291,66292,0,397,59627,,99.95,1380,1244,60,1,59,09ff2453a75b20275c6c5fe652fadb9ad4c6095f69f32536c43c49cc65263c37
3/11/2024,1131,74026,0,539,62184,,99.7,1902,1185,102,1,101,6062dd7e79f8a7bf8f05a4296f1756c8962e30cf843892afd3271275e7c4db27
2/11/2024,1131,31957,0,217,27636,,100,874,1082,42,0,42,d7d9dbffdd246941e57a4292b19a904250a96bfe0cb1f1b512bbd9460bfe1ef9
1/11/2024,1089,11673,0,79,10566,,99.93,354,1040,17,0,17,baf8c1ce5bda6ca8ada9a1175b4af81301662f4f61ad3aee2bf86d4c1558fb71
31/10/2024,1072,12296,0,64,11417,,99.96,332,1023,17,0,17,1e164fb268a71a6ddc7eb264c7862ae6e0895fdc99613addaa7d812affffcea1
30/10/2024,1055,8,0,0,3,,0,0,1006,0,0,0,665b34fb847535cb70bd886175ea5974a3aa8195c9f9631484bb0edb53cd3e75
29/10/2024,1055,1,0,0,1,,0,0,1006,0,0,0,48e6a0adea8b2db57615bf8c5fdb076ae934591dad264fb644c685045fef1f37
28/10/2024,1055,9,0,0,3,,0,0,1006,0,0,0,8319bb9a0d71cc60ab7038ab0627e987b5162b7340c1af50c16b7e2d86195d90
27/10/2024,1055,1,0,0,1,,0,0,1006,0,0,0,6de65a5410af67d6320b4fadf9856b8e99a522556712ed0a2e2ad47a4691d82a
26/10/2024,1055,2,0,0,2,,0,0,1006,0,1,-1,f831b746532daea10fdb6a18b893f5a15e6795bdbe9a2f2be297c4872647278f
25/10/2024,1056,0,0,0,0,,0,0,1007,0,1,-1,051495443b8d3a8631ac138233aa3ea2ef00f56a824681dddef4074a51ea1474
24/10/2024,1057,0,0,0,0,,0,0,1008,0,0,0,621bb6c589417fd2685e7597606f110bfe9ac9d593e7d8d826748b62957ac8ba
23/10/2024,1057,25,0,0,19,,0,0,1008,1,0,1,60ed5e7b8611aea7cf1447ddc6782acd9a9e564d84f13e1e6999f21091599e8b
22/10/2024,1056,6,0,0,6,,0,0,1007,0,0,0,ba90bab2586091304f7c298deadb7779e83fa86425dd6bc60cff44495c0798c4
21/10/2024,1056,10,0,0,1,,0,0,1007,0,0,0,71ee352f6d2404651595677ff9ab31c327894f620f11ab107447f811019e6bfa
20/10/2024,1056,2,0,1,2,,0,1,1007,0,0,0,8d2735290cc9f7c3c07d564e3bb2a467e4f80b5704734a99c50a5fadc0b6f741
19/10/2024,1056,1,0,0,1,,0,0,1007,0,0,0,a8961046b0c0b19545a362bc8b9cfb0e25c36698816896e75378d80fabdb6f3d
18/10/2024,1056,0,0,0,0,,0,0,1007,0,0,0,ec785e125b74b3f7f395fbf8ec13d9f9763cac3dae6eb08e19f026a87d6dbaa0
17/10/2024,1056,2,0,0,2,,0,0,1007,1,0,1,00bcd368fab34f27675428116565db94f8477cab5a64c3fcf1b7ccbe3c8f851e
16/10/2024,1056,11,0,0,4,,0,0,1007,0,1,-1,e453cdd8a1c05a2d53d7a3c1a95d06755af547c1004ebdcae1870ce76b8cff45
15/10/2024,1057,4,0,0,3,,0,0,1008,0,0,0,8e70cb345356e39cdb57b7c3e91ea48c321ce478721a013090304da9463fbe7f
14/10/2024,1057,2,0,0,2,,0,0,1008,0,0,0,24850194b71d9287ea1a05cc63f36becc1792071fef13951a162d2ddf99f3f21
13/10/2024,1057,1,0,0,1,,0,0,1008,0,1,-1,9420d230e14d40194871713b063de80302ef1124c297f5187ad5f253af818abb
12/10/2024,1058,7,0,0,3,,0,0,1009,0,0,0,8ccdfc096bd9728415d54a5e73da049b09cbc5e5058611f600cc2ecefca6e85b
11/10/2024,1058,2,0,0,2,,0,0,1009,0,0,0,d6ca6c4d0a2cc85d03c56df0ec36a0ce7ce1756b0471301fbab5aaa636fa6da6
10/10/2024,1058,5,0,0,3,,0,0,1009,0,0,0,35bff4324457a7fef42f41b1d43930fcb45b216ef740c5df9ed920b6fb900817
9/10/2024,1058,7,0,0,1,,0,0,1009,2,0,2,3e243e07cb0b1c4a2350d10ba71db48742c3ffb87827fafc6036eec6161d4524
8/10/2024,1056,12,0,0,6,,0,0,1008,0,0,0,378faa91394ad299c5e64da797cef5489ba2a8c71080cec7f0dc5d01fb3e0b4d
7/10/2024,1056,1,0,0,1,,0,0,1008,0,0,0,73305d5c2e43a95020bb0f88ecead1bb808140ba87486a53900fcc35febfd292
6/10/2024,1056,3,0,0,3,,0,0,1008,0,1,-1,8fa514970ff26cbc928c2def9719429d1e710af0d9050083119d3e6c1fe4be27
5/10/2024,1057,5,0,0,4,,0,0,1009,0,0,0,bd444010986771a89fb1bb897092d294d2cf0e77f1cb42d421054507bb931676
4/10/2024,1057,8,0,0,2,,0,0,1009,0,0,0,d4c6ade32c982337f5f601a6410d0f39589c7de7b5f044264003a3736382ca0f
3/10/2024,1057,13,0,0,2,,0,0,1009,1,0,1,63d351648e1a884c13f97760cdb410cd5e13f7801d9f3e9166b84e559bb5a655
2/10/2024,1056,1,0,0,1,,0,0,1008,0,0,0,3b63f961b326c8e7bcb98a6428392067c8f03722d1aba88703f434b34ed68a1c
1/10/2024,1056,5,0,0,2,,0,0,1008,0,0,0,dea50f88a8c9906cadae9c9b7f500d7eb97fa8b0263a2bd82271569e6f18f757
30/09/2024,1056,3,0,1,3,,0,1,1008,0,0,0,407f41f812177a3d6b6753c9bddae0e5f632e710de803d074258cf51fb1ffc4e
29/09/2024,1056,10,0,0,6,,0,0,1008,0,0,0,ccfdac3707d2437b6b68cccff78e0a5f0c2b89e9b81c64d14d170416452a78d1
28/09/2024,1056,7,0,0,6,,0,0,1008,1,1,0,cad750737cf3bfcc27bb8025bd61f62f28d79704213fae2b32e04dee5380af6f
27/09/2024,1056,3,0,0,3,,0,0,1008,1,1,0,6809dfa1473c4afe045a975fc6943e469dcbe7073669e7e6a9dc75749d034257
26/09/2024,1056,67,0,2,38,,63.16,43,1008,0,0,0,088f3a4abd0a2540a35cf46f29dbe004246d5549a1b20c152d3e029f4df00eaa
25/09/2024,1056,32333,0,118,24141,,100,3900,1008,4,2,2,62ecf4b001fba8370294337752e54bab13605f15e0159c259aa4546c4b4926e1
24/09/2024,1054,26476,0,68,20252,,100,3421,1006,3,0,3,6438f5bf3c53c97dc2e06a3e7b62e6e82e1ea9fec753be93e8bd5e973b275030
23/09/2024,1051,35812,0,105,27251,,100,4757,1003,1,1,0,89eff7070f06915ecb2cb0016ebdf11fc5ada7422f7bf4c4c8e5d4d61ad4506c
22/09/2024,1051,35033,0,132,26552,,100,4434,1003,1,0,1,704acda8146ff64696a2626759aadcf3bfe97469d8cec2fa89303c7008c874a4
21/09/2024,1050,33219,0,121,25601,,99.88,4213,1002,3,0,3,1e02592d8435e53982af7ae583034293f19c037f2dd98febbf6aa2f2ebd67230
20/09/2024,1047,28313,0,147,20981,,99.83,2928,999,3,1,2,d032c47c9d7a0d6810d1fc28e57c5c1544a85cb222ca09d62996d9fdd0b1ff68
19/09/2024,1045,6368,0,70,5940,,99.88,627,996,3,0,3,c185e8e4b17ca57edc84f2cd17a6758d08e17f1de1ee564c9a44ba75f8bd0c6c
18/09/2024,1042,13960,0,73,13390,,99.98,235,993,13,0,13,01375c05241f9f1066dbd4d83eaf7ab8d531ec8e337e4baccd5135bba0a8380d
17/09/2024,1029,12498,0,80,11952,,99.99,261,980,14,1,13,7028bd35d08a04be30c9ded59e2d4c3bac3178a548f2634bcd4a2c109c197dbf
16/09/2024,1016,13237,0,91,13296,,98.55,260,965,13,1,12,c138567e5b77395ba2ba3fc84a9a1f9cb6a0ca55e1d46dce7c00106a9d1bf908
15/09/2024,1004,12337,0,72,12233,,99.48,228,953,9,0,9,99caf62d6df021e381539127e78eba8a26fa3a37623aa2955c362b8c7814e350
14/09/2024,995,11843,0,86,11091,,99.95,258,944,13,0,13,b8fefbde1fa9d110bb3f8e29958d8cd04b273eb3e4942a7cb71cd51f47717ba6
13/09/2024,982,11158,0,82,10819,,99.34,237,931,15,0,15,4c921ce764fc162abdd469b74bff9da41194d48366321d190dcbc97961be92cb
12/9/2024,967,18135,0,148,17470,,99.7,415,916,23,1,22,2fbb06dad341ce6465ee8b6ee52a0f09b91ac23afbe5e7c6dd89ae0333518c87
11/9/2024,945,16548,0,136,15223,,99.57,487,894,30,2,28,643fdb1e0e59da81a022dee78d25431459a09a4e5f0ea598846671df385612e9
10/9/2024,917,58214,0,425,55395,,99.87,1372,864,58,0,58,49b49a90d899b9896be7b5fc0eb267add2d66f1d9411a153aed07e61fa16b054
9/9/2024,859,53664,0,393,52683,,99.67,1313,806,50,0,50,d41cf9efcc5e46dc7b5334e08e176a7a18b46cb50b8a514c53028015ca12a509
8/9/2024,809,61731,0,565,57464,,99.97,1783,756,83,0,83,8ade2fda7fb68cec34a54d5b916b50e75521dc114acc4b374b17883df2ba1901
7/9/2024,726,82512,0,775,77962,,99.46,2108,673,86,1,85,c8eaf421b83cff73d50f3f8b56b0b260ea2754d9098a90dfb50452616ab31d0b
6/9/2024,641,129104,0,1211,123258,,99.94,2902,587,138,3,135,5fde11beb80b5825bd5370c5e392dbbff19a574e023bbb2032b45c6776835fa8
5/9/2024,506,111945,0,950,99170,,99.63,2512,451,108,1,107,108b259bd345b76ccf39f7bfaab1859ec88d430575d5be06fda87888d770ae81
4/9/2024,399,74588,0,707,66422,,99.93,1918,341,127,0,127,d6e81fa461744365930840a53d1a56195857b84be71230cbb2b48dc477e47817
3/9/2024,272,5703,0,55,5470,,99.54,194,214,11,1,10,07064ab170e739e67f223babd4ccc1b77c49778fd03beb5babc92c1cb2dc71b5
2/9/2024,264,813,0,4,703,,99.43,72,204,3,0,3,dd59cbc925b1beeb47bf302d256d94cf2b31fe22c0d48acc477cc6bb47f50ea2
1/9/2024,261,41,0,0,31,,67.74,43,201,0,0,0,36840e5cd8114433e5cbaca71890f40afc91807979c4ee8aaf04c168565fa89d
31/08/2024,261,42,0,0,40,,65,3,201,0,0,0,a1f032abc74dea01653198e07d593774551575cb322045c7bf1987e05573361c
30/08/2024,261,11,0,0,11,,0,1,201,0,0,0,6a1f3a8f606979ee82369008d8449bb428d94024747b56498f2d408483d978be
29/08/2024,261,2,0,0,1,,0,0,201,1,0,1,6842bd0481c64abb90b42893b11f15f238466cf6427543b6416283ab7e501e69
28/08/2024,260,0,0,0,0,,0,0,200,0,1,-1,8ab00f8cf517c4f35f2f3a23838491315a58c2344c511ba54e1f0baeb66a3465
27/08/2024,261,0,0,0,0,,0,0,201,0,0,0,cdabb9bcec8c59f3c926cd18689cef642897263a6b9af0be8de4719bf921c62f
26/08/2024,261,22,0,0,1,,0,0,201,1,0,1,c6f435845e8b57f330a1d930a376ce43627bd423530fd03b5da79c2dd7a7386f
25/08/2024,260,0,0,0,0,,0,0,200,0,0,0,5935462c9601959e55c5485aa2a7b4449209fb0098db4cb2815ef3fbabb84d4f
24/08/2024,260,0,0,0,0,,0,0,200,0,0,0,9c7e8501407694e1cf7d417b36e844fb5cf37e2ae440c44f7975189310b4bc62
23/08/2024,260,1,0,0,1,,0,0,200,0,0,0,979cc26af24a96055facc398432466c5b39297722ca23594f601fa8205bc793d
22/08/2024,260,0,0,0,0,,0,0,200,0,0,0,ba14adf719f6adfa7331022c7d0a2c370c30b1581711672d772058b98bf8726d
21/08/2024,260,3,0,0,1,,0,0,200,0,0,0,d8e73364b26ba55dc2ee0ccbcd5e92bb8091a69ad2f7d59d00f0e9dbe69aa65a
20/08/2024,260,0,0,0,0,,0,0,200,0,0,0,c93b8a0a28ab7d7199cea9b2decb86579f6622a799f9fcf50b5f1ab39d8c8230
19/08/2024,260,10,0,0,2,,0,0,200,0,0,0,f01f6daa70f90bd98e25ddbc47ab2773a615ce4a698df4dd15f45b1d165ab620
18/08/2024,260,5,0,0,2,,0,0,200,1,0,1,a090ee9defc47e3e1e4b1ac8430edbfa1b50662cd3cf1570944994a0eec0dffb
17/08/2024,259,2,0,0,2,,0,0,199,0,0,0,34806d896b030ee8d2f8e7d5118ff76b78300b0b7fec1394f97278dbf0f89508
16/08/2024,259,21,0,0,20,,0,1,199,0,0,0,ae24fef86ca96e114e81b0611aca364917c29dd5f11c237cfbc2834eb35e3bdc
15/08/2024,259,25,0,0,4,,0,0,199,0,0,0,13abdd03f8cceda6d06aa1ecef015f87df437bcc032ce5f590eaa9adf00b9e83
14/08/2024,259,3,0,0,3,,0,0,199,1,0,1,b8ed2093a6cea7efde0c20cf8a5746a002aec99cedc2705f266987865962048e
13/08/2024,258,12,0,0,12,,0,1,198,0,0,0,6609e8ff84629f8453ccc25ebf590a518a033c405d5600b8cb72e8fb6e931283
12/8/2024,258,5,0,0,5,,0,0,198,0,0,0,1fe45d2643910b0e8ccf4664db46cfdcc83ceeef83e55665d10c3d524cd9a79d
11/8/2024,258,18,0,0,16,,0,0,198,0,0,0,b9eb9cf2d95f01372f8a85557846bd0bda7917cbff5a806ea5ca9063d7c4d120
10/8/2024,258,16,0,0,4,,0,0,198,0,0,0,825d1310630a4e2f1fe072897ee91a0e202696de0b67a58c8a370808447c870e
9/8/2024,258,27,0,0,10,,0,0,198,0,0,0,8c868a42a3e568abf126854c4ce970184e381250156a547a87336d43a0a77cfc
8/8/2024,258,11,0,0,7,,0,0,198,0,1,-1,d703c9d8ad4e2b00adb6a1f78a26704547951e2d33e8b6a28451801821eb6d5a
7/8/2024,259,22,0,0,3,,0,0,198,1,0,1,2b7db40d660f80b8d932422872662d1dfa49290334b14b82df20a099ecbe788e
6/8/2024,258,18,0,0,16,,0,0,197,0,0,0,47e79950610b315c9078b16c01bdb213f3a715dc9466ff731ae39b97eb1c9d96
5/8/2024,258,392,0,1,62,,0,1,197,0,0,0,031e7800e1b52e7ae3ed9fef10a06e792c4356d83ee9f3db5038f07c9295fe78
4/8/2024,258,38,0,0,25,,0,1,197,0,0,0,aa6e94dc26374e12078c410861d864fcb7723d527e35c8fb1137fca1f0b37d8a
3/8/2024,258,33,0,0,30,,0,3,197,0,0,0,6f2f2553dad85776091a02fb5f30d344a3f6640165692bda6a9e09b9222c4120
2/8/2024,258,62,0,1,58,,0,4,197,0,0,0,9b3c4ad98e55fe145f3418f4ea5ef4318a7842e69a70b760a82f73c50cbe23c0
1/8/2024,258,22,0,1,16,,0,3,197,0,0,0,65e045b8f2302a7566d5a660aaf8b08b2d5e3ef1f0e2d59c079f490b4d7233c5
31/07/2024,258,7,0,0,7,,0,0,197,0,0,0,9975e1f0604ff0c89e4e00ccf3306a6b48616e93ffc50ef1972f867e3126bfee
30/07/2024,258,47,0,1,8,,0,1,197,0,0,0,2f6201d897b52955129906c698de4fc4624e6a69f66284053aed9135040b6a55
29/07/2024,258,17,0,0,15,,0,1,197,0,0,0,c900f2cb537e7c4b76bc56d8ea8f4545ceda2060f0053c2a9f3971e35a0187d4
28/07/2024,258,17,0,0,17,,0,1,197,0,0,0,9a494a986445b1b7fa0d8793a04faf58437abee09e348acf76bb468de492142d
27/07/2024,258,10,0,0,8,,0,0,197,0,0,0,80a4d95aee8e04850b64444c1ac5ed30f1aaf5bdae66d0dd8933d9f61ad19a05
26/07/2024,258,7,0,0,7,,0,0,197,0,0,0,5c677df9bf3e4b6ac292afb6ee51290ebc57345544a7bcdb179d9cfcf372f32f
25/07/2024,258,2,0,0,2,,0,0,197,0,0,0,459fbc2162d3661bd8defc4a2050c3fc220e4bada608cb6d4e77b3032416d310
24/07/2024,258,4,0,0,3,,0,0,197,0,0,0,163735531459305d994bc43670098a2e53cf7cf468252b576aae60e069f5cad2
23/07/2024,258,7,0,1,6,,0,3,197,0,0,0,07f308c5f2e7d21642df66487a6f63678730d3c33e3c78864786375c3d4e20d8
22/07/2024,258,121,0,0,121,,0,1,197,0,0,0,ce9e2cc1da9d0c2f5b7b06a7637cbf20509b9f406a1c24d1965190132fdb4fe4
21/07/2024,258,15,0,0,8,,0,0,197,0,0,0,307b3ea1c938fe2cb8e7bd825f5becbe3d52ab74b03c82353d8fb608968a17ca
20/07/2024,258,5,0,0,5,,0,0,197,0,0,0,d79a46fa978c387e21272bc358a55cfb28d26001140b92d794e1a1583be92678
19/07/2024,258,12,0,0,12,,0,0,197,0,0,0,a43e5a47f5fa0c10d3a99382fb48721945a4e036f643a8f54603365539ce59c9
18/07/2024,258,8,0,0,8,,0,0,197,0,0,0,8e1d61a4beec8a4866ab4f749234107489a0c8d9281236baa2e3c2722ae3cc58
17/07/2024,258,43,0,0,15,,0,0,197,1,0,1,da5c4836c701a7f7a220b48e2ee6e016609c1eed4299a05637111b073191eeba
16/07/2024,257,336,0,1,310,,0,1,196,1,0,1,019574660be26232ac722a481214f65cac0db1920b239b2b68a747dfbb2e5855
15/07/2024,256,45,0,0,19,,0,0,195,0,0,0,2ef7f057b917a74e09a96b3b54513f97e5af50c90508e941cdab509508bd93c4
14/07/2024,256,66,0,0,7,,0,0,195,0,0,0,86528a9b89f6c914bc6e133cba6ae38410da612a69f49bceb44595e790b9e4ea
13/07/2024,256,6,0,0,6,,0,0,195,0,0,0,d15a93b14e7980e2707dd2339572d0147441afc3417dcd799c75602010aa4b0a
12/7/2024,256,74,0,0,9,,0,0,195,0,0,0,defc1e77e382b395072d6184aa8448c9120ebf147480c0eef0440adec37e35d0
11/7/2024,256,9,0,0,7,,0,0,195,0,0,0,e388cecaee7e9ab864bf5d5b7e7e6d0697aa5c9f19353f9fd5f7ca1bcec6fa1e
10/7/2024,256,38,0,0,33,,0,0,195,0,0,0,720f3789577c7445397d39c95a7bd9374bcb7d48e629c21f42942ee54dedee23
9/7/2024,256,39,0,1,35,,0,1,195,0,0,0,26f92abe31fae5182f45f4547e5377297218e88448fa2f9c4972ad914ed51ea8
8/7/2024,256,29,0,2,29,,0,2,195,0,0,0,fb95427ebeeb3308492268f7033f70338d6055575e59a168799622bb79a6aedf
7/7/2024,256,52,0,1,46,,0,4,195,0,0,0,6c7c3448feb2d31fc9bac641ad5657f507cf8554510b337cc84bca65472e00fc
6/7/2024,256,16,0,0,15,,0,0,195,0,0,0,e5e3f2d230809244a834d1b75b2451067646c389921f18ada951f7df96a0fbd9
5/7/2024,256,21,0,1,20,,0,1,195,0,0,0,b53e3b505e992d6ed8e862ab739a17d9267eb4ce6ce12996637be11582ac5b3d
4/7/2024,256,5,0,0,5,,0,0,195,0,0,0,8eb4d1c29f102a8025803722bbfa41c707c55eef05a4aeea00cd73f31d9defe4
3/7/2024,256,67,0,0,27,,0,0,195,0,0,0,03ff9c93fefd7c3afbc1032632907d0120095b1bc2f57e61e48901636a7f2814
2/7/2024,256,45,0,0,39,,0,0,195,0,0,0,29c5fabd1c9ef3980b07f3b8568f8e70fbe0adf95c5ed489d6fb4b2bc6f127db
1/7/2024,256,37,0,0,24,,0,1,195,0,0,0,cb9e6a7e06549da2b86d8dedbc135922b493c4f19e23285c7fafb4f2106d607f
30/06/2024,256,20,0,0,18,,0,1,195,0,0,0,63a843695620da683137095d3330962b22aa15bc6c7052956446e6e77f2fe976
29/06/2024,256,55,0,0,45,,0,4,195,0,0,0,b0bca780564be8a7c4e8df6a2ae9276a67a5defd6e03dc39d47f1661dd112833
28/06/2024,256,34,0,0,6,,0,1,195,0,0,0,4504e03f1b5e3a84824e4c3b9c9fbcb9b2be6c276a5c34dd7bd4e1844ffe80b1
27/06/2024,256,2466,0,26,2243,,98.44,116,195,8,0,8,e076111258b3fc9da16e66c1925387ee895c0add396efe41f2ac26b7924af599
26/06/2024,248,4910,0,47,4532,,99.4,247,187,12,0,12,251cc9059fab34449b0227645e8f962b0a82e629578e41744bbbf531a066f2f4
25/06/2024,236,2477,0,20,2255,,99.6,121,172,8,0,8,1d075cfed088429732a2e72e3d647eb4f3a7ae065d40140e49c98a8657b866a3
24/06/2024,228,4133,0,32,3840,,89.14,95,164,5,0,5,c79293353ff7f771c59a053e7bdce54823c19d7086bf5dca9c7e63da8ed8a4a5
23/06/2024,223,5263,0,40,4991,,98.88,104,159,1,0,1,84634f73dcf9d103be9b4e3e88a8f015aa4779f616b1c0d4e694fe2aca537d1f
22/06/2024,222,3802,0,35,3624,,99.83,94,158,3,0,3,312ca157d1418da5ec9357350f655284815c74d80db8fe81eb9fc13c6e6c2b00
21/06/2024,219,1015,0,10,961,,98.86,40,155,3,0,3,d12052289f426b2990efac5b880ddcd4bc5fbb3b52df33b61df4d18a5eac3db7
20/06/2024,216,810,0,6,604,,98.84,29,152,1,0,1,2d23fe9cf44cb488192a3cf3d4c47b5272e9a9b0683029e5b3605f40b79d58ee
19/06/2024,215,392,0,2,303,,91.42,16,151,0,0,0,30d5556600e9e6f82e65609b71faa543b6ee965c95004b1ae86359fa9eae658a
18/06/2024,215,259,0,3,209,,84.21,19,151,0,0,0,a6a1ce4fd08925c6f5af15af9f98c1b845283c2837c7bacbc585d5cd9fb7afb3
17/06/2024,215,59,0,1,54,,77.78,4,151,1,0,1,3507114a30ee97c4d49d6f32d774ff13bac76ac74589844ecfd316c010b36483
16/06/2024,214,11,0,0,7,,0,0,150,0,0,0,3d5be6b3601fca10a820fd257ff2d46b4a882127b8d05bc1579e314515fbdb57
15/06/2024,214,35,0,1,13,,0,1,150,1,0,1,0035841844c5ed273a76d68a99a0628b1ce0781bfbddaffc315d1cd3ecd5ac91
14/06/2024,213,19,0,0,11,,0,1,149,0,0,0,631f7a281b0ae180bde831b0573d268da7adf85a77b2a03689253bb9a27dedef
13/06/2024,213,10,0,0,9,,0,0,149,0,0,0,a7ee775e459cdec0ab28f37f78ded8d85538e8a6b1ee5e23423a430d3fa4d3d8
12/6/2024,213,63,0,0,62,,0,0,149,0,0,0,e326cac8efcb7fb5b92a692486ea55e06546d152948f2214b6984ad0d0c84ae5
11/6/2024,213,11,0,0,11,,0,1,149,0,0,0,fc030b5be4fd364d07c135822b50e2e37147b5ee5a7b6d211490f43ee78859ad
10/6/2024,213,16,0,0,11,,0,0,149,0,0,0,c6d518415c00cee7a319aab27bc7c2898e1299f82959ce0db2b16e30bf86156d
9/6/2024,213,16,0,0,15,,0,0,149,0,0,0,161d60a20cedf356beb3fd9c38f6a66477e9029d31cc21cce7f02da06efae109
8/6/2024,213,13,0,0,12,,0,0,149,0,0,0,63124926462b36aa7284d373d6f22b53489b484067537f600629f8c8d8d92503
7/6/2024,213,22,0,1,20,,0,1,149,0,0,0,08492284b7e3435d90227a53fc73726a405a5a6583ed24c11553552209f4c622
6/6/2024,213,10,0,0,10,,0,0,149,0,0,0,285acb5277ba51b8a68366e3b313b3c75d6a266f48264976efbff4891770b80c
5/6/2024,213,29,0,0,24,,0,0,149,0,0,0,4ae08867bc722e9e2fe5f451d7880034aaf601845e1f4617ca813f54c16c7f07
4/6/2024,213,184,0,3,174,,0,4,149,0,0,0,570529c281b1d512868d5ee155cf2211abcab0599648fe21a9d66f79a103bae1
3/6/2024,213,30,0,0,24,,0,1,149,0,0,0,f00c0ec482ecaeac0fa6911b220a675acaf7326cb3b1ede5661b5e6c9090d0f2
2/6/2024,213,29,0,0,25,,0,2,149,0,0,0,4de82636b2208a4427a0be285bd4f1ca81b1824c7240299611459899040fdd34
1/6/2024,213,37,0,1,23,,0,2,149,0,0,0,c4e655921ec599e30e6dabeb42711c0582e155bf7a273545aa7e1690ae3beeab
31/05/2024,213,27,0,1,22,,0,1,149,0,0,0,85ea57545acdfdc0d0010192c2523aa6b2e8a8760ba9c2f2d7f5ed1e35dfa99f
30/05/2024,213,123,0,0,121,,0,0,149,0,0,0,9ad29ac1b8bbbf63c91c430d5b23866a3edf67a1139cea48c09491dda4ced020
29/05/2024,213,176,0,12,114,,0,15,149,0,0,0,cf11598ec5b2307d420fbebb077aa86e17e2494217d68db6e9724d681d39e74b
28/05/2024,213,66,0,0,65,,0,0,149,0,0,0,2b1081bee1dbe59e15a671b128e6faef3363d6165ae743e1f9f3b25b11513330
27/05/2024,213,36,0,0,27,,0,2,149,0,0,0,4420f25c272d5688a5dd45d8f311824ddee4d070d8a525a7b0b229a53ca56524
26/05/2024,213,37,0,0,27,,0,3,149,1,0,1,ac86f100918628438654c48f70c88198c2fe126a4594814ba5da75cdaa2a803a
25/05/2024,212,8,0,0,8,,0,0,148,0,0,0,72514e2abd2eaa858d3a8ce853c015b304e0fa5e7d9d1fb591133245be6ee0c1
24/05/2024,212,34,0,0,23,,0,0,148,0,0,0,3bf70082afaf32e93fa86398e99de6aa043dcb08c162caa280d8ad297863c0f4
23/05/2024,212,260,0,2,244,,0,5,148,0,0,0,6fb6d99e9a5a05b16cff9698a41e3903e0f92c1469c5ac24bad858a7431b935a
22/05/2024,212,45,0,0,26,,0,1,148,0,0,0,387d897b319475b7f7b98db8803acf992913c1847ca5cde89287992f70d5e7da
21/05/2024,212,117,0,2,97,,0,4,148,0,0,0,bcde2c9ed46d8cc249c217c335043181f2dc0d7d0aca4a3b8460b8fb8e05670b
20/05/2024,212,43,0,1,30,,0,1,148,0,0,0,7868b3b8a69ed9819c901d286260b6c9e406aba380877f11c957c73be0781a56
19/05/2024,212,24,0,0,19,,0,1,148,0,0,0,b26ea27476e01d7d1108f94654b6bd2cb0944482c06821ae573686686c6e53ab
18/05/2024,212,21,0,0,20,,0,1,148,0,0,0,44a7f9ec8e6510e370729bdf836b7a26dd2f7f07ebe3350c6e800bb5f594d002
17/05/2024,212,77,0,0,73,,0,0,148,1,0,1,67b2e88928dd09310db444343cfdc8364c8702e887e2630701c99da7e283eb2d
16/05/2024,211,12,0,1,12,,0,1,147,1,0,1,b2c2e0ea15428e4949d170930c5c181fd5d7e5f930d4322776164a312b82016a
15/05/2024,210,33,0,1,27,,0,2,146,0,0,0,d79fada8d060986e0bb8396bd6048dc3c14f4f9fe1751dd3c8a52e0f355638df
14/05/2024,210,44,0,0,14,,0,0,146,0,0,0,58c1172b05cd82cdf42f50c60d7aab6b3b6b37eaafd1823a3c5c3a39bf36f019
13/05/2024,210,59,0,1,38,,0,1,146,0,0,0,5e208fd80ac53b886422925521f38ed42565919e62c7e0eb21eee65a6fb20ea2
12/5/2024,210,59,0,1,35,,0,5,146,0,0,0,aafb07619f65602153623dfab88d016dcb48b4b3c143707fe169aa40ca85c0fc
11/5/2024,210,10,0,0,10,,0,0,146,0,0,0,052bfbd16c452ca8d7efe07d0eed8fd183fb0808ad927242a9baa6fc44b613af
10/5/2024,210,18,0,0,12,,0,0,146,0,0,0,1f4f4beba4858982871aec3bb06c190efa439b08ab339635511162e274a8459e
9/5/2024,210,111,0,1,79,,0,2,146,0,0,0,30679679e611463464cbef6e27a5138aedd34d2f492e25249dc407ab4d83accf
8/5/2024,210,56,0,0,25,,0,1,148,0,0,0,86695c3ac306538477dd7e2eabcdeeb63c91f84972ff1ec754542a39e0375480
7/5/2024,210,164,0,0,118,,0,1,148,0,1,-1,decc6dd1e1278161e86ffb287748a38fa1fc4f649ca7e9f86fccbdebaedb14e3
6/5/2024,211,30,0,1,27,,0,1,149,0,0,0,10431bc6e16bbca3e8482131617ae89e43673b557f063347a37870ab15d06f49
5/5/2024,211,7,0,0,6,,0,0,149,0,0,0,596279c13858e14b7fd19d6cd6d3701762340c048a25e8b26d0a17996e65d0bf
4/5/2024,211,16,0,0,9,,0,0,149,0,0,0,e9f649f92a013b111819473045f0383bfc79cf584c0f48ec1da0f83eebe78718
3/5/2024,211,61,0,2,46,,0,3,149,0,0,0,75e27dd4c86c40be43aa4ce2c59d610a333a48b58a82ffc94ef5e9d53433f88a
2/5/2024,210,23,0,0,22,,0,1,149,0,0,0,21648096f6a2eb2eda7d6bcd5b8d052e46014092491c1a359c0987eb0817b27f
1/5/2024,210,17,0,2,10,,0,2,149,0,0,0,a77cfcd3d1d6bde119bd2cbf6095b2293e1bfc5c17aa15332b9c7bf3a29f23a2
30/04/2024,210,6,0,0,5,,0,0,149,0,0,0,e3714b8a888ca1dcad649a06159fbd05c01e5846da490d1b4633a8a4543de7ce
29/04/2024,210,69,0,1,69,,0,1,149,0,0,0,3d0b1e4619b80d5701455a69054573eedc466e4f74fc426ae29a8b96bf12e6b8
28/04/2024,210,131,0,0,129,,0,0,149,0,0,0,caf4f6a5770f59ea0804e17ae83db8cba4c0508e24be0a35760ba2e34ebeed6f
27/04/2024,210,23,0,0,19,,0,0,149,0,0,0,bf669995c2d41898800d360953c54198e09b962b14a8d9693339c49ba5e701af
26/04/2024,210,56,0,0,54,,0,0,149,0,0,0,2e8663b2a48b7caa6bae99a6be251e9a5a02b379253e5aa421c90f26d4db0ce9
25/04/2024,210,71,0,0,70,,0,0,149,0,0,0,9462ac21a1ffc4e84d6443e1c88f532abc46c4c2cecf63b6ab95f25ca23e4a02
24/04/2024,210,78,0,0,76,,0,0,149,0,0,0,64c0c5ddb8179530322700c1ed0aeccdc1016e3869956b953f6fb243827ab94d
23/04/2024,210,112,0,0,78,,0,2,149,0,0,0,ad34c8835a491a51c07ee5aa8ddb37a12ee77600b709055369630b0f0cb94f8c
22/04/2024,210,11,0,0,11,,0,0,149,0,0,0,4c09e07e537010ea50e153e8d36daedb93a95f1f48a2fe08749178fd2b2a4d04
21/04/2024,210,27,0,0,17,,0,3,149,0,0,0,142e7b1b8ddc1306375896a3197fb44895b50e20d04a1ef1716c527880a17e4a
20/04/2024,210,205,0,1,198,,0,1,149,0,0,0,af0c7d042713aecdb0b09a23dfd7a37027d0d2fa671c9a11dd39164e73c990f0
19/04/2024,210,23,0,0,19,,0,3,149,0,0,0,7e9ab2eccbc775386b3ab8a97728be2dfbbbbc96f6ec978288f4bc60b1ba35bf
18/04/2024,210,17,0,1,15,,0,1,149,0,0,0,06d784c6437eb37e4220dc94ce0837f0a2b48bb4ade120e43811a9733c5ec676
17/04/2024,210,86,0,0,85,,0,0,149,0,0,0,b17cae34d4ed84c4000e16c0821a2c906be62974858f3a2081407205a3f33f24
16/04/2024,210,704,0,0,709,,0,2,149,0,0,0,54985277f59343c46bfdc288a7316c4970a35fdd826315ba5eafc7867face6ad
15/04/2024,210,28,0,1,17,,0,5,149,0,0,0,0b5d4282165923bc9f74aaa44f9b35d909897c71abdaf9a89add13a85ea7dfa2
14/04/2024,210,39,0,1,32,,0,2,149,0,0,0,27ce339b4a6121128c91e5248f62c147936a3d475d0b81bf235fb0337a67cdba
13/04/2024,210,34,0,0,28,,0,4,149,0,0,0,ae70b64bc3b998dc3fc856ab25eae9d887b70fff3c132dccd9b94d4304cc6c87
12/4/2024,210,25,0,0,23,,0,0,149,0,0,0,ab413497d4bfd137e04947d7da9c0c1fd97d6d580e9045acef71462ac9fa4e0d
11/4/2024,210,231,0,1,229,,0,3,149,0,0,0,739e4de14cf6eb052fb6f5a793490e8d49a9cdab8060dec9eb05716fc0539a0c
10/4/2024,210,30,0,0,24,,0,0,149,0,0,0,0c424a46d22ef7addb4a7571435a40c6b570d976457df7c78e2f92572943d501
9/4/2024,210,21,0,0,16,,0,0,149,0,0,0,dca31b0a51ecef75a6410aa4a8c4dcf7a2a7fe026b1dbceba099167b12a2a956
8/4/2024,210,44,0,0,44,,0,0,149,0,0,0,6a5e4e870c75cbe3525fe96a5e2ac4063dd373461cefa85804e6bbaf8eae039e
7/4/2024,210,45,0,0,17,,0,0,149,0,0,0,b8521a5ceb08bb8792201cfd531893fd5ffa6e074c7a8af42f29c03acee338c7
6/4/2024,210,25,0,0,21,,0,0,149,0,0,0,7fab8a3322b8af78a3945b2ca22b672d452380f35ce24d7de782808b037356ef
5/4/2024,210,398,0,3,390,,0,5,149,0,0,0,352fabe3233d8db40696c006d59cdfce7d3cf10ddc8d6435fc8095645d2060e6
4/4/2024,209,124,0,3,119,,0,4,149,0,0,0,0f8da49d6618aa7dc3b3ec0d961e0d6d86bf9836312328d8dd09df10686dd1aa
3/4/2024,208,34,0,0,27,,0,1,149,0,0,0,0eee47b9e36e3025a05f4f59b7ddedbf08ebf7532393dd1812510fbb2f40a4cc
2/4/2024,208,19,0,0,17,,0,0,149,0,0,0,259dfbbab24c9bb2a573f039cc68980021a05f2eb03b7a2f80cb5aaec2484190
1/4/2024,208,135,0,0,132,,0,0,149,0,0,0,e5e4586aecab5fcd3af531358074b63dc7538b5190bd686a523342048cdef018
31/03/2024,208,118,0,1,103,,0,5,149,0,0,0,94b6e620ef9efadeb718ac769576f7520b6f818cb5319200c44dc20e803bfe4f
30/03/2024,208,48,0,5,42,,0,8,149,0,0,0,cbdc8ef139d01ab0b7a04e3b46cbf821f9ec74ff744cd591b0bd8c72c14db407
29/03/2024,208,257,0,0,249,,0,0,149,0,0,0,3b868c82aec9a9d1f7d7bc9c926049679518e17b51666df4e10d1bb6d6f9e408
28/03/2024,207,27,0,0,19,,0,0,149,0,0,0,78f82b19e9dfd9d0a7e0a60a498f604ffc329f83ba23c08ac38b325574f6c5c9
27/03/2024,207,39,0,0,28,,0,1,149,0,0,0,c2957d54e19275f1c84c24ec1ff8d546f57554ee4e9dfbfcef005c3eb8a392cf
26/03/2024,206,941,0,3,301,,62.46,18,149,0,0,0,9911f49b2bdd802701c8e5a92de83cc8585fe87f82721c6e29bdc7054ea884cc
25/03/2024,206,1155,0,2,306,,67.65,16,149,0,0,0,894dd4bfa594cd62c756cce8419a32c820d8564bdb6c4003becd36ac45a43135
24/03/2024,206,1223,0,1,333,,64.56,14,149,0,0,0,77bd8686772790e0e1c4ac83559f677c4afabef2fcda0b36fa5f7712e384f9aa
23/03/2024,205,1787,0,5,966,,21.84,20,149,0,0,0,7efcc016277dc9b6d71fecc166e4203a3f89061b00cd98acf2b619f92e7769e4
22/03/2024,202,1186,0,0,440,,49.55,18,149,0,0,0,60e92858b4ed565c3b0638e7ca674853734d5286ec55224774699c176115f0ea
21/03/2024,202,1576,0,5,636,,35.85,44,149,0,0,0,b9c3b487a9c793a9c686cf4f8912f5fa9fabb24509a34341f640e8a90950a06f
20/03/2024,202,1385,0,3,992,,75.91,58,148,0,0,0,ae5ce6f092f84cd5249a08d47cbdbe4dea80761f734f1adbb3720d155d5d6385
19/03/2024,202,1844,0,4,1460,,90.14,82,148,0,0,0,3fb6bdfab85108cba2cbf0ee1713c362bdcbdfe884fd04fc0a9854cb00931b62
18/03/2024,201,2023,0,8,1753,,96.46,108,147,0,0,0,2edf17f223181d884bbe06e114dd553bb6d8942fd927758bbeab61ca2e5c0185
17/03/2024,201,3682,0,7,3164,,99.12,109,146,1,0,1,6f8682bd4a0ff8070e5872a59c9a7e6524a82c76890f38a34328312ae8b46784
16/03/2024,200,3582,0,8,2884,,98.86,151,142,1,0,1,9774a6a567fadc2618ed9faa6bddb8c71fef3329e3b1bac7a9348e4c25bf0a58
15/03/2024,198,2167,0,9,1679,,98.03,109,141,1,0,1,49337d2b7aa004a604b1fe19e73740f61aaabeff382e9e81efb8b13c37ffe5f6
14/03/2024,198,1648,0,1,1388,,96.18,49,137,0,0,0,4d50465eae3bc6b9f44a433fa4e6a82fdef4d05c386ff961f4662dbf23f5ed5e
13/03/2024,198,5072,0,11,3789,,98.18,173,137,0,0,0,26f2cdfd6c58becc2fcd64d07c2d3b1fe2adfc09c7c7c764e7ec0c6b2f82a09b
12/3/2024,198,4578,0,6,3428,,99.85,148,134,0,2,-2,8a626da505b9e928b83457f91b4052207b99dc4a429e6a3d4615402fc117f1fc
11/3/2024,200,6437,0,16,5178,,99.63,123,131,3,0,3,daf60626722cf40f07f826b30917cfe0191f6ce42b6e89d24ed99f484e34795e
10/3/2024,196,1536,0,5,1290,,97.98,23,124,0,0,0,c8d25223e02ba86c3a3bded131171f2c426e15de729fb862741452e3628bd1ce
9/3/2024,197,1166,0,3,1013,,98.52,33,123,0,0,0,31846d9f7a06d3c9a2ac5a35d4de6025a0677e05393ae4c7cf1df4d39be8625a
8/3/2024,197,469,0,1,403,,90.82,15,123,1,0,1,e769235fc890fddd9b9d8d2b10f592780c2741b3a02a1a946d309fe2ac65835f
7/3/2024,196,63,0,0,30,,0,4,121,0,0,0,e1470ea229a07f0f8340652b3f21252899d2bdf7445e7c92e2df80c42250be12
6/3/2024,196,45,0,1,27,,0,6,121,0,0,0,bbb384ea2f5f3794fe3b1821aaab810f44423ee0c131ba0c672419bd76528332
5/3/2024,196,22,0,0,15,,0,3,121,0,0,0,a62c7db04463a1892eac8ae01075bd69fce941f409e1c86be91d7859693f3336
4/3/2024,196,78,0,0,62,,0,3,121,0,0,0,f8e1967d36080a6a2471163ecfc22b60d8d182912c879867c9ad7450ef5a5866
3/3/2024,196,195,0,1,162,,0,5,121,0,0,0,35facc5c2345b59f4b831bbd792aec27305c23af749071a5ed4c55010cf400d1
2/3/2024,196,143,0,5,66,,0,9,121,0,0,0,1063a9d1ee916c9f2671ab3dcb5c8a85c4718564be3f9ec47c61868e79cfd000
1/3/2024,196,1925,0,3,1695,,94.45,37,121,0,0,0,98480014a9247a76de97d4cd4144cce510edb379157259d25dd2237090204ffe
29/02/2024,196,2919,0,6,2577,,97.28,70,121,0,0,0,3f50b8f97cca5a9ec9fd64aaa011236a4b71cfe2f77660d120754e6e1e286b90
28/02/2024,196,2930,0,16,2521,,98.14,114,121,1,0,1,7d4140afaaf1ef7f7b05ba3dde6955fd0784622f00fd8ef8b81ea68e0a97a6de
27/02/2024,195,2942,0,5,2501,,98.64,67,120,1,0,1,ba57da472b803c566c6ed6200b522b2a4f4bceb19a64106ee47d519aec10312c
26/02/2024,194,2694,0,9,2255,,98.14,81,119,1,0,1,a292559ae53b1857405df14135050417a4512a77432b2f860a16e816ced138ba
25/02/2024,193,2184,0,4,1742,,95.52,53,118,0,0,0,25883853b97709d815882a842829a16c67025102a1b6ae6c5c3bd210952105ed
24/02/2024,193,1614,0,9,1271,,93.39,63,118,0,0,0,4e99dddd86b97eb95480236357840104b4a34776c1f17af70930b1ce3a3895de
23/02/2024,192,1903,0,1,1628,,98.53,60,118,0,0,0,b07130f2a0b4535c1fc2ae3c7bbf6f2dce67a26cb59e56f8e2c04e484ad14b91
22/02/2024,192,1624,0,3,1418,,97.74,62,118,1,0,1,71966208d25cb7a23f8b42b0ea4f12f91342a96e20e177a41a3af165e0eb9522
21/02/2024,191,2153,0,3,1953,,91.24,72,117,2,0,2,10ad9851861d23d779427b595780a6870196bfa6046849b40b1ccbff01c3230d
20/02/2024,189,2194,0,3,1925,,98.44,83,115,0,0,0,d4fd572de664c29b5cb929e48e760ada8eea7013bd84d15431e85a163786542e
19/02/2024,189,2512,0,3,2252,,98,96,115,1,0,1,13b37e6a49853e1682ad0b3dbb8b205e6cb7972fa43222d6ff80fec408e2dc15
18/02/2024,188,3432,0,5,3028,,97.56,121,112,0,0,0,1e3729de283517920f3088cc71e5ae23f5d675ad461716819413455ca9ae04ff
17/02/2024,188,3924,0,6,3381,,97.43,116,111,1,0,1,8c9cf6ae24cb71180be002f97a0523c8bd0c5d2b52d22513781ca1b0cc56cbca
16/02/2024,187,3213,0,3,2776,,98.2,116,110,0,0,0,729d2256dfb45095c33cb710205f1d3e95ea015fcad1e211319926bbfc17d6b5
15/02/2024,187,2518,0,2,2207,,99.09,99,108,0,0,0,9985e922d8668759c44423ec2056060aae5b047eeb3c64b80db26b22eb9c9025
14/02/2024,187,2714,0,4,2325,,98.41,94,106,1,0,1,f1fbbafa3339e73393daab1d45c1794463b848338e5651bcbe8f65bdc96ffbdf
13/02/2024,186,1710,0,0,1565,,99.81,54,105,0,0,0,60dc8503c4a70191f7cea1fbc6b1e6e1d41c4d12b2897fa5197194a2b0f03181
12/2/2024,186,1466,0,4,1288,,99.53,57,105,0,0,0,a7027f1087ae711ab509f27562af1bd09ac63bb76eb56fdfa9858a7f777c7101
11/2/2024,185,1809,0,0,1571,,99.62,66,104,0,0,0,d7ee640f3d2cf2d8186866bf65d5cfe42140970af497a53e47a11ae243e5f8f4
10/2/2024,184,2008,0,2,1714,,100,71,104,1,0,1,95f4b23f83b27775f44e38caeb6711c877055b2f194f98291dda92cffc0896be
9/2/2024,183,2989,0,5,2609,,99.04,126,102,0,0,0,6d0c5d2f49a1fa7661b552b6a3c82fc0ae8d3bbbdddc6e2f7f2c7571ebfbde37
8/2/2024,183,2361,0,2,2158,,99.35,118,102,0,0,0,42e41700e43af81dead5e21d2a863784b3acd1606a300b89a94412b40c3173cc
7/2/2024,183,1386,0,0,1187,,99.58,61,102,2,0,2,b212e84c9ed406fa83803ff6fb663aa0c5729d9e74fd3a7f635023975c5d0a96
6/2/2024,181,1525,0,2,1347,,99.7,75,100,0,0,0,a2f10db42faec740ba8b34edb5f32fd935ee9c8d23c5e020059d50db21a6f8ef
5/2/2024,180,1980,0,3,1539,,99.61,65,99,0,0,0,efba45ade6fa840ea317e3743f11dd05afc7ff58149c386dac6e4f0c6a30a63d
4/2/2024,180,2143,0,1,1382,,99.71,72,98,0,0,0,f66ce6dfb3445ee707b237681e1a77c5ce36cca7a841de9943d047a9795dcaab
3/2/2024,180,2089,0,1,1404,,99.86,53,98,0,0,0,9abb5024897cda76a45d75db211d7c14a5c4f5664dd0c1ac6a2026abb4ddb2b6
2/2/2024,180,1816,0,0,1169,,99.14,56,98,0,0,0,c6a4c9323922d53387c20c3437393fac3498ca307874e8b65535aea64cf285df
1/2/2024,180,1717,0,0,1036,,98.26,54,97,0,0,0,24c284fb6dcd79a0380c766ec8c8a008d0c4084c68b880daad09d4f6558f205e
31/01/2024,180,2204,0,4,1550,,98.58,89,97,2,0,2,fcdd596e61b8d9fff3f47c12b662bf258de8d23c789c2f44e2e0bff22bc7ebdb
30/01/2024,178,2467,0,3,2088,,97.89,84,94,1,0,1,4dab4275bd26a30cc8a5fc3ade37556116745e17651d2c060ff2802739755be8
29/01/2024,177,3179,0,7,2559,,98.52,109,93,0,0,0,f84ce86e7efc39cfdaeabf61765cdf02779c8d28e475292e0357a11b05132c3c
28/01/2024,177,3210,0,7,2474,,99.72,93,92,2,0,2,6d4d79989347ab5d151f16ae670b379839ec51a0453cfb88e5c6f36ecbc7b68d
27/01/2024,175,2559,0,4,1961,,99.24,109,88,2,0,2,fe6bebc5b46d13d26e26153115205d0c318f3adefd6fe7cd28a94b195132a1b6
26/01/2024,173,2932,0,8,2328,,99.36,138,86,0,0,0,829ce210da90454dddc3fca0cf4dd1afc58023caead0567747713b2cdc2b1312
25/01/2024,173,3438,0,4,2831,,99.58,132,85,1,0,1,c9d8306269469b999882fe88f6bd453972def53e580a9a8fd814c74f85c7b947
24/01/2024,171,2764,0,5,2240,,99.46,143,82,1,0,1,bc7394f710ec1f5367899a03603f5aae78daaaeca484b20e1c0b9468dabef308
23/01/2024,170,2337,0,1,1905,,99.74,139,79,0,0,0,a364b2f06353aebe8ce473da8b8788b2a18934eef420e1ac4f3c653a549662be
22/01/2024,170,2446,0,8,1875,,100,141,77,0,0,0,689fc975c74e2eb40bb8f12733fbc9c5aa59103dfbb2965bc82a1ae2609f3150
21/01/2024,169,3371,0,6,2434,,100,127,73,0,0,0,6b4677bdf2b32019ba57ec8af3a4da2407580037b50b94b01ef68296b7ef2f6e
20/01/2024,169,2630,0,4,1935,,99.9,109,71,2,0,2,2226fb3402292facb1aa4d0a245e81d7c4de9b0fcea72f27611207cac43d3869
19/01/2024,167,1288,0,2,1112,,98.74,80,69,0,0,0,1811cbb71a4b0f1c58a045b1007b27ddee3e67f5ace058cc5704fc54106fb685
18/01/2024,167,1673,0,3,1578,,99.56,67,69,0,0,0,053544e4c64d1bbd25a22ed46bb48bcaa58ffdce5f11feb935cd86416a4d720e
17/01/2024,167,34,0,0,20,,0,3,69,0,0,0,aa363f53ee304860d73ba0d22024b08a60fa6d031b23dab6bf68d165b7ca4c50
16/01/2024,167,26,0,0,13,,0,0,69,0,0,0,8b0978c60364145890eb5956f59fb427092877fd47e245e7353590be1b8b5c5f
15/01/2024,167,57,0,0,16,,0,1,69,0,0,0,314370f53acbb1b390c116888e092e4d0a409911f7855faf7b069151352248d9
14/01/2024,167,827,0,7,596,,96.14,63,68,1,0,1,f9e1f7ea1ace6730de6f53c4b360274570910ad612cc1168bd4e093a20f46cf7
13/01/2024,166,470,0,0,389,,98.46,42,66,0,0,0,197d5398aff1464d3f442ba3033494b8b88a326a31e7abf214ad2df8c793944b
12/1/2024,166,1302,0,0,1155,,99.31,50,65,0,0,0,051d0e363588e58776aae7985d52fd8ee263bbb0965ae73d582be28cc34fc2aa
11/1/2024,166,1893,0,1,1744,,99.71,57,64,0,0,0,34ddefd2b03217ad2409f33313cac28143ab1a3077ef023a70d4c76b06c09af8
10/1/2024,166,1994,0,3,1753,,99.37,51,63,0,0,0,d73696f0ae921ed1aa04500f611a2529ac062a33d4a27b3071a6b768d0e26734
9/1/2024,166,1765,0,4,1634,,99.33,56,63,0,0,0,62eee6cc6fb309a8cff1e83b73652c7d5914fec140f3a8a28bfba081726969c6
8/1/2024,166,1803,0,5,1630,,98.22,44,63,0,0,0,fe7d8ca09110cc1f9f8247c090fc08c10e0bf850d248237a134f96a106e6c893
7/1/2024,166,2112,0,8,2011,,98.96,60,63,0,0,0,cff61d82508f6b11363a76d11b923c4c2e072d5ae74261a2acb2c4cc8197b587
6/1/2024,166,1982,0,6,1900,,98.79,47,63,0,0,0,31a5b8488561a804f4c6560aa6129f2cc6349e7b6fe86826b47176b9b2d9dce6
5/1/2024,166,2077,0,4,1946,,99.85,51,63,1,0,1,0d45e9095421fc50f8b7279362756617ec7413133e55f1bf860099170bb35470
4/1/2024,165,1689,0,1,1493,,99.6,49,62,0,0,0,85d0cbffb437a18678e1bd68d5844afd44ea6c23055881f5c229e37c3d80fd44
3/1/2024,164,2228,0,0,2044,,99.32,82,62,0,0,0,7867c9306524a07bc1a22e1f5c8083b6466df1f152e1b0e5cefc830cf20e4c58
2/1/2024,164,2129,0,1,1895,,99.74,78,61,1,0,1,a015bd36a94c8e4ba38037660e5f936788ee06ba28f83521c5f6aba0f0c17bf4
1/1/2024,163,3380,0,9,3206,,100,81,60,0,0,0,7979120c78c5960154bfd0e5ff05f99001dac90ad4df30caec652ca111451e0f
31/12/2023,163,3139,0,5,2863,,99.58,68,59,0,0,0,c9a8bb76452dd052d3614e93376c658ea40f0dc8f1254230f0618f174a6633bf
30/12/2023,163,2196,0,3,1998,,99.2,74,59,0,0,0,841f1f5e0b4574b94a267b7464f764967db77aea95d059a6ae056cf2c91bfcc4
29/12/2023,163,2576,0,1,2518,,100,35,59,0,0,0,e7d35054d291265dab2aa4b891b16b90f7ac80dc2dbe73b4f8114bc57340eaf5
28/12/2023,163,3630,0,3,3466,,99.86,24,59,0,0,0,1cc6f8943a4ebe22e6c5131f8e53c1b3e1fa55327d457e91a62e7846eefb026c
27/12/2023,163,2535,0,5,2379,,99.87,30,59,1,0,1,095d39bf19b19654fbb5ace28058aee95636f3b2fa517fc7842b72af7295beef
26/12/2023,162,3091,0,3,2908,,99.59,32,58,1,0,1,5247bee533672e986a39f38f8bf94ed85cc356e2d818192a91617b8f9f2d8cbe
25/12/2023,160,3571,0,4,3493,,99.69,35,57,1,0,1,2964f5b12ab68a62d0dc8581b1dcde2a62a5e75e5437503db865caccdcf9387e
24/12/2023,158,2879,0,4,2753,,99.71,35,55,0,0,0,bfe999d54cc3e838901c231388a1643a4b64760bfc2648dc26a8ff5418a98c35
23/12/2023,158,2706,0,5,2637,,99.73,31,54,0,0,0,25574a9505f3b85574038f7a345186b4cc1d5ace9269112b57a6028dfe3f4fc5
22/12/2023,158,2372,0,4,2210,,99.37,26,53,0,0,0,84d1b893ac683ac704c4860011cf3cb537cf78afa4cb085cb9b8ee6bc98b4946
21/12/2023,158,3072,0,9,2863,,99.58,44,53,0,0,0,0afd2e467cf5e9915fd67ec347a42bb868a10bee70006c18e81824d0b1a10cf2
20/12/2023,158,3153,0,9,2871,,99.72,41,50,0,0,0,0b2ff6a3459e0637862594e5e6ad1b0e5d061a43b6006162b115a9c1f70e2a7a
19/12/2023,157,3599,0,11,3397,,99.68,48,49,1,0,1,f4b15d37cf4ecf5de6c78b3f7a2801b7eebe0f20901246649be9146af75f5d7a
18/12/2023,155,3315,0,6,3094,,99.42,34,48,0,0,0,de9fc46575d682319d329ee230bc45ff4308556856fd0202928a31e34198a7bf
17/12/2023,155,3636,0,12,3572,,99.05,54,48,1,0,1,aa9f64a5ac264abf0fea457c8066b5b7619e1bd069fb86b736544ba9ef46fae6
16/12/2023,154,2816,0,11,2685,,99.74,48,47,1,0,1,9ed3cb4de5e3af557f1754185c1c429808ac75534c3919aa2d4c433b36090254
15/12/2023,153,988,0,4,998,,98,17,46,0,0,0,64d40cb110fe8d8ea485118c763973509fe6c37ebec86f7ded9b2d23dac8bf33
14/12/2023,153,2596,0,8,2501,,99.72,28,44,1,1,0,879fc1cb9b57c118ae25a94c6d44e348fcdc2a6d2ff7f58c885bc4601c1407fc
13/12/2023,153,2327,0,4,2199,,99.32,37,43,0,0,0,1e7e1820ec48385793b3df55243858b7af37176deac50d6e96f6ce14cca4a4bd
12/12/2023,153,2617,0,7,2437,,99.75,38,42,2,0,2,3faad504d67b274f6689b3ffddadcc660c56df8e9b63668e73ad5aa8def72cf9
11/12/2023,151,3164,0,2,3067,,99.71,30,40,1,0,1,47a43a9f2984e325561284db573bff4a72e0edfee4a4d04460bd7de57437d733
10/12/2023,150,3771,0,15,3560,,99.86,46,39,1,0,1,77a9f081d11c5b53302bac714e02db0e46afa61c2f55489cc0147387d0a4a617
9/12/2023,149,3867,0,16,3624,,99.83,64,38,2,0,2,b9af61ea032fd40443f36b7c4b6efc449b4dec243eb89aa89d9148ebe70dd2d0
8/12/2023,145,3022,0,7,2884,,99.55,50,36,0,0,0,45add44d5a2bd2d28a3934121d4b7ebf2c4426a35bd77b773000597f29264e61
7/12/2023,145,3761,0,19,3566,,99.36,50,35,3,0,3,1e993e560d3f762cc889dbfae11aad5169bac4e59a335d8d1ba12e840b735fc7
6/12/2023,141,4733,0,18,4505,,99.4,68,32,1,0,1,bcebd5a09d8f4d1c02972464ff5e352aa05b7ad18fdd41e245bd3c8394f34ab3
5/12/2023,140,4409,0,16,4203,,99.64,65,31,1,0,1,7bf4793c6180c898d67a2b2a991d7203b752705e1756f94f13c67bac4d78364a
4/12/2023,139,2009,0,8,1895,,97.73,32,26,0,0,0,92e108e53d3500cf7f9f0ba013477dca64468c670dbcfbbac28b78f9d6d4c2d2
3/12/2023,139,1974,0,5,1862,,99.62,44,26,0,0,0,38216f4eef9e9b7eaa6d4d4555e714dec14190b2530d2a240b2cd9195607d034
2/12/2023,138,1301,0,7,1256,,99.6,28,24,1,0,1,fda96ec3371397084721902ae4c597fa308add7ff0d0095f7dbf225888948012
1/12/2023,137,1796,0,8,1668,,99.58,26,23,0,0,0,c39f5822dedcd1b9a3b9595fab4ea071c2a4c170925f3c6cef5cdd6db202754f
30/11/2023,137,4371,0,7,3954,,99.85,49,23,3,0,3,c16f0bdb9d1377247e408cf53bf757d8e1cc233714da5b604e54a3046b6be990
29/11/2023,132,5054,0,20,4764,,99.79,74,19,4,0,4,e15b7b57f6a38203d4ba53c4894dee36a12691d420341007106e0d99156441c5
28/11/2023,128,4679,0,11,4291,,100,40,14,0,0,0,77319aa2e7477e711a4d2576b1f9ae98287d108b841501caaecae88432be1b4d
27/11/2023,128,5493,0,17,5352,,99.98,55,14,0,0,0,c7cd8302be6178843197bd8c20fc999adae4617f0e77b9b49cea819fafb5f935
26/11/2023,128,2474,0,11,2264,,99.87,23,13,0,0,0,6ac579d923652a51ac509b4b25ecd48f6ab6b898452333e7242009d9834e6091
25/11/2023,128,2321,0,9,2258,,99.73,30,12,0,0,0,d3967fd6fba8e3855ea772c8cc6e5dcb8d6acf161230b9a39ea6f8383a5a1b95
24/11/2023,128,1719,0,8,1612,,99.32,24,9,0,0,0,69a949c445eed5f9609b2d4b53d4c6c89f14fa305a9b6f27e996d646ffc620ff
23/11/2023,128,2528,0,11,2350,,99.49,32,9,0,0,0,76ad8d7fe591f857095c59f51ecee765e4fb843deab41156a0a42e8c8a4f2f62
22/11/2023,128,2542,0,12,2401,,99.88,35,9,0,0,0,284707799a018a8ad56d48d9b711f73528481c298aa1edeaab3473ccaa47b906
21/11/2023,128,3325,0,28,3173,,99.72,60,9,0,0,0,3c39cdcf1ba1b426f5ca20715cb7e8d2ff3d66802be155a2c4ba53c226e79ccc
20/11/2023,127,366,0,2,360,,98.33,5,8,0,0,0,ae0e82f4dc169e0b38b81d1dff888645379c1bcdcee946906966f7d26136f2e0
19/11/2023,127,2803,0,10,2667,,99.85,31,8,1,0,1,a216bc2f1c223a8115aad4565bd48e5c199e477a299de167a173d6704c1a305c
18/11/2023,124,1819,0,10,1675,,99.7,28,7,0,0,0,7e810b46a72443685dbd313e6f75d3c08aede44dc4c425669d13866f6c7918bb
17/11/2023,124,1306,0,5,1258,,99.44,16,7,0,0,0,bd6cd070a7c549623ed0b6618282a2b020b71d7d4af047fce9fa3c20a5497d87
16/11/2023,124,1029,0,4,921,,99.89,18,7,0,0,0,c17a0a8f1c887d223da608ca8d1bace86f33ebeb20579ed7d8c4e9dc23f91b4b
15/11/2023,124,719,0,5,674,,99.55,14,6,1,0,1,e42ab3aec4cb30c3ace4dba0e3685f14c620c99275a14c1a55c89c3ab237042e
14/11/2023,123,420,0,1,395,,98.99,7,5,0,0,0,51f72de5b8766f2fd5193f166081f384575ec68737297d840b245fd250789361
13/11/2023,123,540,0,0,503,,98.81,4,5,0,0,0,d842c401a1c226030d3622035b99b3b3cdda8e4b3919c6556fcf0e25a458c8aa
12/11/2023,123,639,0,1,591,,99.49,5,5,0,0,0,70f813d9047004455bb26bbc42ba74dc5e1e30aa68854032832afa9f186d7e9d
11/11/2023,123,873,0,2,831,,99.76,9,5,0,0,0,8bfb50bf5303b734ae4a9a6e3be122964f737e3d5a4cd5e71753156d8b5e8daf
10/11/2023,123,439,0,0,418,,99.76,4,5,0,0,0,a4391f1d8dc5dfc9fedd2766c1e8fcfae1dcafdd0135939b95e25532812d8b35
9/11/2023,123,728,0,5,690,,100,9,5,0,0,0,3ee117db5e3208e0203fcd16a169dcadfcfc688a6179692dfb6c7fc6de98b03c
8/11/2023,123,1107,0,3,1068,,99.81,13,4,0,0,0,90337b58b719d10a21ce0d5a1b4bbab9bbf92b1aee54abf30dd64419451a56dc
7/11/2023,123,963,0,6,917,,99.24,18,4,0,0,0,a272e1e284d8b8331a20255958e53c79d79f107250fdaacb20624516b99652d5
6/11/2023,123,784,0,2,737,,99.59,7,3,0,0,0,006f593cdd11d445d73fe360a13b5eb9dcec4d91dc9d6848ec5e28d559592a54
5/11/2023,123,1197,0,1,1068,,99.63,16,3,0,0,0,6ee7084ae28c6c4a548bce6fdcd3e17c0e6fdf1cb785638b6b655b25aad2d933
4/11/2023,123,1171,0,3,1069,,91.11,19,3,0,0,0,2820df7ed41a7d0c24c6ca9f32720e98d05151726212be674549e6812ae415fe
3/11/2023,123,1009,0,6,977,,61,14,3,0,0,0,3e742014dda5d33ceffa2a710559ef2e5e6822e9493d1a8b64665a6f1a92571f
2/11/2023,122,1021,0,1,975,,85.85,3,3,0,0,0,c803abcb836f010a78941111dd34e8ca5208240cada3875120b73487280ddb59
1/11/2023,122,2001,0,7,1808,,78.76,27,3,0,0,0,7d45b1e633bfd1a011a8709857d783df0be0784458e3e1a2974944911ad5d53f
31/10/2023,122,517,0,0,474,,99.79,2,3,0,0,0,b06b5c59266556d9b278b5b2cf93dcbd4d44cadc747cde9c62d9ff4bbb647f8f
30/10/2023,122,319,0,0,307,,96.42,1,3,0,0,0,257662ff32682a68c0ce3f93abb3bdcd740b5e449555035a925ac2286da65338
29/10/2023,122,922,0,3,893,,96.42,7,3,0,0,0,6e3ac22780382620ea8a5242175a265313fd71d357669a74a36ed934cddd323e
28/10/2023,122,568,0,1,543,,99.08,5,2,0,0,0,e2e4f42c4145992f5dda0a9cef5ec4c5b9f79a77644bcdc221d2d9824d554e32
27/10/2023,122,284,0,0,263,,93.92,5,2,0,0,0,7fbdf99519fb85f2321505112e21ce6963934d9593dcb99c2756efc06814d9e6
26/10/2023,122,392,0,0,371,,92.45,4,1,0,0,0,d22397ccb2e153cec7d597f14781b6f41ec00985f712d392070ac6a00f41dd24
25/10/2023,122,655,0,3,603,,85.57,13,1,0,0,0,6f1d302830fdce91493baac44ff1e26be8e87f381eec6abc56c87063e9c90737
24/10/2023,122,501,0,1,451,,81.6,4,1,0,0,0,780a9ff4996143228219174a1f90f4aac0681c048dda0cfb48b90f6aed2b573a
23/10/2023,122,428,0,0,387,,84.5,1,1,1,0,1,27d2a1d89ff879c1174594a869723d2abb9a6e8756fe52a4be0b7b6f6d717cda
22/10/2023,121,407,0,1,383,,81.46,7,0,0,0,0,11064c9973b2da24442748ceafc3caf90cb74c22b4652f6070a8dc4428b6cac2
21/10/2023,120,253,0,4,228,,61.84,16,0,0,0,0,c31de3dab4adefba77b4fe923a55a3f0bacd207a2bf816380870504eb9debb05
20/10/2023,120,411,0,0,359,,85.52,7,0,0,0,0,a4e2fa2677545e31a56c7775382c73e261612d2df187d93b319a81c67c61272f
19/10/2023,118,1526,0,0,1414,,99.29,1,0,0,0,0,33c5a15a42d5d5f85ff9e2de8295b00b9f9445a75fd8b09ea445d26680953c69
18/10/2023,118,2455,0,1,2258,,100,2,0,0,0,0,170e7c513e299a08d88641ee8e645e8a7e95e429c093b26313081c3ddec51d23
17/10/2023,118,2070,0,1,1923,,100,1,0,0,0,0,9d5cfc03ca1a03698407da9369ad81ec08584612fcc3e1011f23f6b3a836d5b4
16/10/2023,118,1729,0,0,1666,,100,0,0,0,0,0,867f1dd7b0994a696e57a1b5325e4e760cd8b2883051e413f2f78df74f756b81
15/10/2023,118,190,0,0,188,,100,0,0,0,0,0,d9f414398408c33bb9f909d5a6acd55d488e3304f8d6f8ad5b694d38d4a60ae5
14/10/2023,118,0,0,0,0,,0,0,0,0,0,0,1fc3530c0ce4537d908cf556f3227704caee23557d9dff2417051a450a8efb42
13/10/2023,118,0,0,0,0,,0,0,0,0,0,0,a314c54221bf747ed78a8f4a0cce05792718cefd54dc00d5e5573d2dbe88ffec
12/10/2023,118,0,0,0,0,,0,0,0,0,0,0,bf3524d69aab03d366ef08d0e8d5201eba5cca1c42e66a02cbce13d8c37e5784
11/10/2023,118,1,0,0,1,,0,0,0,0,0,0,6a1303149083299e6e7bd5c1973b1e4e417994ef6dcf1f41a1b2c3d341ea6846
10/10/2023,118,1,0,0,1,,0,0,0,0,0,0,22ad145230b9e44ee11585291236dc858ba7b9dcea3f6038987b4fb21f1a2a0f
9/10/2023,118,4,0,0,1,,0,0,0,0,0,0,f73eb7daf6765322cc5bfc15325b7b10cd9f74dc11941e64ef6d8efb8fcb6ef8
8/10/2023,118,0,0,0,0,,0,0,0,0,0,0,ee2d1014f60391072b98f5a43683a7ec9959ab421a0e5c5856a3d7b8f76ed8b0
7/10/2023,118,0,0,0,0,,0,0,0,0,0,0,1d72d72d931767bf45009c5c408d6be80c89d903bb00a4e551bcec0bbd156270
6/10/2023,118,7,0,0,1,,0,0,0,0,0,0,b6fdf2fb715f2b8d3168a7622aa8f743a142c4c36f7f37e40d3fd2336714e047
5/10/2023,118,0,0,0,0,,0,0,0,0,0,0,506fa538f368da046e7b251921da74f8a7c62722edfc13df0ce73d080cc2161f
4/10/2023,118,12,0,0,2,,0,0,0,0,0,0,e98f850813a614b3af611e904b525a345227094166847dd576e714b6a4785a61
3/10/2023,118,0,0,0,0,,0,0,0,0,0,0,6a876f43ec9f9c8d9970acdef751479e175e4d2d7af9e64a71fc3ba25b427bfa
2/10/2023,118,0,0,0,0,,0,0,0,0,0,0,ec0c8665769f0ce44e62f06ea9fa16c9469b2ef78c2631f2ade1a21d419f5a35
1/10/2023,118,0,0,0,0,,0,0,0,0,0,0,0af5e92144842ac2516799c0f1491285dd921779ab695482c17f4419d36b65f0
30/09/2023,118,0,0,0,0,,0,0,0,0,0,0,f7a688ff3d1c7df3def7a7a0a8f325dad99efefd62c07acd15b19e55446f81a1
29/09/2023,118,0,0,0,0,,0,0,0,0,0,0,6ec5d83f51400043022a4928e92b50efbf2fd8b398e20906eea9a16e3cda9b8e
28/09/2023,118,0,0,0,0,,0,0,0,0,0,0,ae25dc9c59c3ecb6b18196aa44e8bd064a0058cd6050fc3f4bd2f428ed57ad73
27/09/2023,118,0,0,0,0,,0,0,0,0,0,0,5ae2e8f49e8e11e415b9050132f0054e08564d32c6ed0254bef4b5dd40ae7654
26/09/2023,118,0,0,0,0,,0,0,0,0,0,0,da7ccc26ec4574d19ac1328d13bba2a8242c541fb843bad00564f09b1e1a5a09
25/09/2023,118,0,0,0,0,,0,0,0,0,0,0,384bc1523896829fc972d0bef81f8ca756b49334428655619961a6b92fbb1568
24/09/2023,118,0,0,0,0,,0,0,0,0,0,0,27d77364ab52506f3656890b916ff178994b8cdeaecec7ef131f58b8efa7153e
23/09/2023,118,0,0,0,0,,0,0,0,0,0,0,2ee0a5a646bed57bf4979831dc95a46e63a4cfc2a644834b23a2fde281fce0f5
22/09/2023,118,0,0,0,0,,0,0,0,0,0,0,148211e125124ca60d5e76486bbd90aed6cd143260215c47234f3e86dd40852a
21/09/2023,118,0,0,0,0,,0,0,0,0,0,0,e22e2f49a4b9e884eb5c17df4ceca13f35ab9a9edd57987528f9eb7b9d362b5c
20/09/2023,118,0,0,0,0,,0,0,0,0,0,0,62ef9cf57d9305133de99db6693adee7e408596316c8b0f8a31883841e02c567
19/09/2023,118,0,0,0,0,,0,0,0,0,0,0,2be7f2c74b4878c1029066b61993ba01c44bc6df767d75c916beca44d8802271
18/09/2023,118,0,0,0,0,,0,0,0,0,0,0,88611301aaad9a871591ac803ff68e8efbc14210f7bd1ed5d3d7205ce39a9c8e
17/09/2023,118,0,0,0,0,,0,0,0,0,0,0,073d23c103e4c1171a8445f68ffd197a697779bf41a216d85201de1e933d780c
16/09/2023,118,0,0,0,0,,0,0,0,0,0,0,fd0ad4014c660274db45c4d0ace79747412d4461104e7a3e02aeb04c25afe0e6
15/09/2023,118,0,0,0,0,,0,0,0,0,0,0,8da5eddbf80ab978841d09c16c3c24d97c5546ed3da12510720875aacf4efedf
14/09/2023,118,0,0,0,0,,0,0,0,0,0,0,3df88728ed5900a720a396cb48e325a1637ca21b2e5b76e93b3cfcc0735adf77
13/09/2023,118,0,0,0,0,,0,0,0,0,0,0,56fa59898bf9f83b5777bec9d93da00f808f91d8bdfcc843c94b39882992182b
12/9/2023,118,0,0,0,0,,0,0,0,0,0,0,8a45648f2ccaaf65ba108000c066d596fd3b2e69e694baad2c9e8046811d2c5e
11/9/2023,118,0,0,0,0,,0,0,0,0,0,0,75e51087ca4218bca0f9a9219f141d5f677ec7e6cede8e166e547adbd0af81ee
10/9/2023,118,0,0,0,0,,0,0,0,0,0,0,0c6e0d317b22733a42a5e2601022cbdee5b2a883da09b9e5e637b107ca1406f2
9/9/2023,118,0,0,0,0,,0,0,0,0,0,0,57f90d54b291a3b3e5a230da3ef3ef30c23ea692696257c4b4326b88c586983b
8/9/2023,118,0,0,0,0,,0,0,0,0,0,0,d08487a24459b0bed03548a4d0e96f20a5e2fa7c82d7434ba228d153002f5c7d
7/9/2023,118,0,0,0,0,,0,0,0,0,0,0,65dd89bfd0e9e740833a958a63676dc977c4c64a8cde9d529c7269a74e638f66
6/9/2023,118,0,0,0,0,,0,0,0,0,0,0,f451e4b954b9c77c69ea3e28f054f917ee512af15e007b84e25b1bc9861b1112
5/9/2023,118,0,0,0,0,,0,0,0,0,0,0,daf128cb0c671df211df97e6d6a3dc119f56c5e5590729550ecbfe35f297f940
4/9/2023,118,0,0,0,0,,0,0,0,0,0,0,af08839a9260ffbe0e78ba715695ede18a21c9c9cbba702211001a2ba9f087e5
3/9/2023,118,0,0,0,0,,0,0,0,0,0,0,e8b35d96f7925b86666c47f0931ae31474cafd35177536039ba10bd5e6e832c7
2/9/2023,118,0,0,0,0,,0,0,0,0,0,0,ac79f60b5ffc29d5861b0562130a2da9d77238065de819ec67da201257d63652
1/9/2023,118,0,0,0,0,,0,0,0,0,0,0,f8d964ef52891381b47726f391cac30a641d3e2309ebd58b923cccbb60a780e9
31/08/2023,118,0,0,0,0,,0,0,0,0,0,0,64ed3520ca811733226d4f863e7efc0bfc7b9190892bbb44832145edf29dcac9
30/08/2023,118,0,0,0,0,,0,0,0,0,0,0,04a7a21b2b2f45cc9b2beea7bc236ec0571ad61b8b61ce024b696a30ce275ec2
29/08/2023,118,0,0,0,0,,0,0,0,0,0,0,bd30ba40f79c5acb9d5d9130d11062857cb5ff36f4bf39343dd4f46cc0645ae6
28/08/2023,118,0,0,0,0,,0,0,0,0,0,0,3861a774cb9d9605631129b9f6d67c1b87d5343e4e77718f0061021c98435858
27/08/2023,118,0,0,0,0,,0,0,0,0,0,0,11c9d6b8baedd7a2608bc2c4b0acb31dcf628a4fa65b9634ee3f5fffc2772bf8
26/08/2023,118,0,0,0,0,,0,0,0,0,0,0,80ecd41204e86cc14ffd74efe68ae7b9ce273f1445dd38c69c538266e1411e7c
25/08/2023,118,0,0,0,0,,0,0,0,0,0,0,a5dcbff8c7b8abc5e3fc902486b8335be5cf50884682b80eadb555eaf5fb4116
24/08/2023,118,0,0,0,0,,0,0,0,0,0,0,a09f3b9d7af5c632f4d060946b4e4b6a051bceef285a1c58a20c797e07fd5128
23/08/2023,118,0,0,0,0,,0,0,0,0,0,0,2c30a66db3f699daecb67365a7be7cf8532d3ae729156452e8bc9afea7f4672d
22/08/2023,118,0,0,0,0,,0,0,0,0,0,0,3295af79166051cfd69962982cd7e2495eb60dbf7741409b916fa7b83b51653d
21/08/2023,118,0,0,0,0,,0,0,0,0,0,0,90d638c3f74297675881755718b6e13148923524a633a9232ce5aec18e7a48ed
20/08/2023,118,0,0,0,0,,0,0,0,0,0,0,84d888e9118900207aabe7bbe570d040ff7720dd53d9c6a1a165763cb4c515e6
19/08/2023,118,0,0,0,0,,0,0,0,0,0,0,2ac5031324abe829a8fd63d727cc777ea5614cc80c672792a7890ec94e55f644
18/08/2023,118,0,0,0,0,,0,0,0,0,0,0,68614b4a72c69b994cefc0432e23548c2aba7621dbad16ef6816ee9515ee79a3
17/08/2023,118,0,0,0,0,,0,0,0,0,0,0,f0578ebce16e69c0402514b73a328eb89a0e5a4b57dbb65ec885e385d0139147
16/08/2023,118,0,0,0,0,,0,0,0,0,0,0,035bcb2cf53afd298fb549a773961623dae5edbed1a27a8d11bd29e50a8997cb
15/08/2023,118,0,0,0,0,,0,0,0,0,0,0,38116784a921eff738d1180ce9d7f4ef364e079d031327ce5b3b9c2c861f04c0
14/08/2023,118,0,0,0,0,,0,0,0,0,0,0,9693380a4b0fb2db39c54479246f51421e05b4cae7b2cf6034789ce1be79cc52
13/08/2023,118,0,0,0,0,,0,0,0,0,0,0,297ba1ddf32c3537a0dbdaa0201905240c0c3b827678096cbf350665bbc76bf7
12/8/2023,118,0,0,0,0,,0,0,0,0,0,0,93820d357cf6a07d106e6a5ee7a54ac65b61173d0f738e36de53be0630b06e77
11/8/2023,118,0,0,0,0,,0,0,0,0,0,0,2e93247323738fb89deddb90f99ab3fbe426694aa69098f2ed7ffde437bd5149
10/8/2023,118,0,0,0,0,,0,0,0,0,0,0,3ee04e80b56bc4bde4601e26a42a83b4c39dd0cc50904ee2c9cfdc0d76ea236b
9/8/2023,118,0,0,0,0,,0,0,0,0,0,0,6cefa1f75c47208ff76a16fc43db86e1ea864c756a0714545b95b50dcac6e0b9
8/8/2023,118,0,0,0,0,,0,0,0,0,0,0,18021f2fd416c0313ac161e609711ccd06714fd957cf1b71c879deaf9794e16a
7/8/2023,118,0,0,0,0,,0,0,0,0,0,0,c4d3072a1ef9ddc465054687cc48f5c1a7fa268778775149054543ffa5e51171
6/8/2023,118,0,0,0,0,,0,0,0,0,0,0,4448d4aca564a2a28af74e04f01b697ece98483af18cf9e02067c55d32581c60
5/8/2023,118,0,0,0,0,,0,0,0,0,0,0,6b3bb3a9025a24b4227236da3eabb776435a24d5450bb3241e804a83e4f07d67
4/8/2023,118,0,0,0,0,,0,0,0,0,0,0,15a59c90014b1ae6039e8c799fd38b64f61c1a59ec0e4719edf4bfb414c5ed78
3/8/2023,118,0,0,0,0,,0,0,0,0,0,0,3b94f5daac33bb02a605e976df1bb0cbf2181585aa1b1d41085778ae5309e6e6
2/8/2023,118,0,0,0,0,,0,0,0,0,0,0,2c4630999f4ca6487511b94bfa5143f6f5d08f68c3dade8ddb320cfffc7eb11e
1/8/2023,118,0,0,0,0,,0,0,0,0,0,0,e00b029884bcb5cd3db7bf8066f1c0a1184564ab6708bdfb67fb05329927cf9e
31/07/2023,118,0,0,0,0,,0,0,0,0,0,0,fe55cb03550002ade122d2ac995b76ebcde8722c7233807f0c7a9d4925328732
30/07/2023,118,0,0,0,0,,0,0,0,0,0,0,7b328a2904be72dd8cf0ef802fbe458cf90c6ea53c2e547a29ef0da05d573caf
29/07/2023,118,0,0,0,0,,0,0,0,0,0,0,ce2468991c2565fad31b57d759a7844d83ab1169a6b7d0778af3a135520a23ed
28/07/2023,118,0,0,0,0,,0,0,0,0,0,0,1e7e98f6697228133333fe6434bfa12e018307d59f7cd02552983cf4d5c86ab9
27/07/2023,118,0,0,0,0,,0,0,0,0,0,0,7f886fb269b32c063234d1b98b5a10b989e4ce8d9a5359e5e7ba156c9108286f
26/07/2023,118,0,0,0,0,,0,0,0,0,0,0,20fec91f1a1a798309ec8deb4474b6f5a167618a2b7436da89f3095489b83e5f
25/07/2023,118,0,0,0,0,,0,0,0,0,0,0,46e96c883589a67c67d847389ee1f5c4ea44e27a5b16bee928ece4ec9541ad6b
24/07/2023,118,0,0,0,0,,0,0,0,0,0,0,71250ec68b9a0bb1e34453ea8bf6ea05e493bd96309e54c5b181dc7ffcc11553
23/07/2023,118,0,0,0,0,,0,0,0,0,0,0,16555c352b503b79eeef72d93cd738813fd483595036a4cf7bc2453183d0d858
22/07/2023,118,0,0,0,0,,0,0,0,0,0,0,47c8cc476eff02741b08f4a16af9b66481cf7a646f48931f2329c3de9bb7bf4a
21/07/2023,118,0,0,0,0,,0,0,0,0,0,0,59c48850dfa4b1dd6f6afde48f71e2cc5ee787a217629a31fee5935c3fa01b60
20/07/2023,118,0,0,0,0,,0,0,0,0,0,0,a2e4947c978ed615b21f583dddaab788957ff5883115e0772a3c78760e48278e
19/07/2023,118,0,0,0,0,,0,0,0,0,0,0,97af9b27dc701e1132f0812f8931e1c77d224092e5fc76c586a4bc7130bf159f
18/07/2023,118,0,0,0,0,,0,0,0,0,0,0,3e777b8bb54c2dca503409ee73a5b77fd14e818f2a2abce3a0fa659dfaf31b00
17/07/2023,118,0,0,0,0,,0,0,0,0,0,0,a6816dda66e54893f52381fb6d03e2d4498fe38c8399952d297cf082aecaf168
16/07/2023,118,0,0,0,0,,0,0,0,0,0,0,7efbeaa42d6e873b3573ffadc3aa7a0a760f192c6a9eece98c96768d681c20f9
15/07/2023,118,0,0,0,0,,0,0,0,0,0,0,e97786af294085b449f7d28998b3ec64da5ac010339fdcf8c467d5abad1ffa28
14/07/2023,118,0,0,0,0,,0,0,0,0,0,0,8ddcf07c2322c45db92e2bec74eecc7059a53f3b7fef520571848a755c0b1455
13/07/2023,118,0,0,0,0,,0,0,0,0,0,0,b67a791d7188df181a5aff84cc6245633e94bd8fafa9bf43ea78c92c63f00024
12/7/2023,118,0,0,0,0,,0,0,0,0,0,0,9c373c5451cd8f99a889f9425d769497a7b13b551e36ac1a1ccaf8d62021deb3
11/7/2023,118,0,0,0,0,,0,0,0,0,0,0,ffc2620f02325ed333ead88e6549a724125ce749030063a2d3893a740c54c7a1
10/7/2023,118,0,0,0,0,,0,0,0,0,0,0,3b8daddd09e47f975315f2876c706aa8487622bcff00d9e1fa8b512c2f60cae8
9/7/2023,118,0,0,0,0,,0,0,0,0,0,0,aacd49609365806214c57ef91aeef53179215b4bf786ed8e0232f9b89618861b
8/7/2023,118,0,0,0,0,,0,0,0,0,0,0,a04f8064b1771bc0f58708309dd5ed5916e30103615a8afe31c62d3bcf805ba7
7/7/2023,118,0,0,0,0,,0,0,0,0,0,0,6576ed0b208d92dd92c5797a947d8db094987ced68c0981b8bf4be8b39b5e814
6/7/2023,118,0,0,0,0,,0,0,0,0,0,0,4b0963f5c5cd402f36c9338b2920827b30ec4d947d5c03c0612f707de08b07cb
5/7/2023,118,0,0,0,0,,0,0,0,0,0,0,7c873048919c1f0824c464543f2743e15ee1e0c72dddaa63ee91dd2284795879
4/7/2023,118,0,0,0,0,,0,0,0,0,0,0,5dcb2613c5971873e9a508444988e9d15821d79ac1e1e48f3ca8cee39870903a
3/7/2023,118,0,0,0,0,,0,0,0,0,0,0,f892759f9da9b3f09db453c4e1a2fd9294e7ade074be3e8dc098381cc8a335f2
2/7/2023,118,0,0,0,0,,0,0,0,0,0,0,988980b0fdcc4bebdb0ed5c3e9b226ef7c7f8fa2941e44e75b9cf321d90b3236
1/7/2023,118,0,0,0,0,,0,0,0,0,0,0,a896fc872a835514ca332f5d2cf1cebfcfc8105e89832bbbb1debdd3d4cee196
30/06/2023,118,0,0,0,0,,0,0,0,0,0,0,5c05a5899930522091bc4a0fcb1edcbabaf3b6db298e059033e5da71a91fe093
29/06/2023,118,0,0,0,0,,0,0,0,0,0,0,a9cb7dbf303c8d642b97040df7964a8483aa29571783f268f88ca4ca205afdc3
28/06/2023,118,0,0,0,0,,0,0,0,0,0,0,d0d6206e77d1de6d776ac6d481573166a279771118d3a813dc2c0d981e0178c5
27/06/2023,118,0,0,0,0,,0,0,0,0,0,0,f3e26ad3276211d3110e0b5797adeffe2a361321a4486190b2aae06f24cf7c7f
26/06/2023,118,0,0,0,0,,0,0,0,0,0,0,2d95aaf4f9c70069b7a788a065490d5506af174822be0744b42130ffca8ca7db
25/06/2023,118,0,0,0,0,,0,0,0,0,0,0,b427caf1d27bd000fef6d72ca6d8edcaacca61c469f8765479ee8d6cd60771b8
24/06/2023,118,0,0,0,0,,0,0,0,0,0,0,1a219d7fbf72300be6900b29dd37f26e0754b7ceefd1aebc3bf157574f57790f
23/06/2023,118,0,0,0,0,,0,0,0,0,0,0,2b90a9eb9052b20a37e8297aa025061f0e73f1c38919f2e93d6f8298f455090a
22/06/2023,118,0,0,0,0,,0,0,0,0,0,0,4f8941525dd6e4d779d5c71673b5b330b998113e91272218b195000c8982a2d3
21/06/2023,118,0,0,0,0,,0,0,0,0,0,0,543fc79bce7a6e3e07f37affd590234b8f73fcfa3c0bf485ebce980ed07b060e
20/06/2023,118,0,0,0,0,,0,0,0,0,0,0,420eb466c7824357c55c1405bf16490ccec32b62c749751104ffde89a76a9b26
19/06/2023,118,0,0,0,0,,0,0,0,0,0,0,55f3b0da59307736de8bba58584532d57d457019e1cfc0b27a66e476936e54fe
18/06/2023,118,0,0,0,0,,0,0,0,0,0,0,74b546e366657afb187881dd4f0fdc24b6a84257f3ad21453c957d72dc1986b1
17/06/2023,118,0,0,0,0,,0,0,0,0,0,0,bf634bb6a579a76ca8dfa472fab295a0d6d02b39b4b6a60d42c4fb2a5344321a
16/06/2023,118,0,0,0,0,,0,0,0,0,0,0,ad8473a4ef199d41dbb340bb85794fee8522e89170a73b50e3eaf335e20779f1
15/06/2023,118,0,0,0,0,,0,0,0,0,0,0,f4cec3212fe19fd3ede18e0028cb82dab50562e06194282be0c4714755de70bc
14/06/2023,118,0,0,0,0,,0,0,0,0,0,0,a52914148bfe45fd0caa0e7963bf5e207fbb880ee4d7692ae5c5c4c33b4a1ecc
13/06/2023,118,0,0,0,0,,0,0,0,0,0,0,62b5c51a71e36329fff010b01e45c59152ef6889a38e854811c46eafaf6490f4
12/6/2023,118,0,0,0,0,,0,0,0,0,0,0,8085a939b0f1ee2b959f9146ded5acf965c823979590b15c7c25ef55d804b74e
11/6/2023,118,0,0,0,0,,0,0,0,0,0,0,8e2ca0c401e5a44d8240c9a85a6fd5d19e8f7515f4ad1c2cdb9160ec7cc43784
10/6/2023,118,0,0,0,0,,0,0,0,0,0,0,18003c9d1537e62805f8e697d237500911d501c2afb1370ce362167ba0c49cd3
9/6/2023,118,0,0,0,0,,0,0,0,0,0,0,d3a91b21775857cdb6a0aedf741df54fa3176179acd87f58f5eec189e4693b67
8/6/2023,118,0,0,0,0,,0,0,0,0,0,0,3a497753dbd36d5eb6d6bfaeca35e37b10b64eaee666bf2a0913526657e19911
7/6/2023,118,0,0,0,0,,0,0,0,0,0,0,7fa17c26922657285c6db0cdd0e92e0de53f5c1bed3ee8ed8ce962000e4fd07f
6/6/2023,118,0,0,0,0,,0,0,0,0,0,0,33051c958a99f580a9d230e76cef16059f8b81498e3c57c6297fac6997daaa8c
5/6/2023,118,0,0,0,0,,0,0,0,0,0,0,02fdbe40f9113411ff7f4c63ab38dbf2f7219f69c5f84a218712ec7041ee49e5
4/6/2023,118,0,0,0,0,,0,0,0,0,0,0,f53ca2d34eb9721de02313f119f7a54ef6d410276d067bf35772ae3cdf5981ea
3/6/2023,118,0,0,0,0,,0,0,0,0,0,0,02fff551c682862596cdbda17b1ffae1f28b6e463b4b74d623344f2fcf712957
2/6/2023,118,0,0,0,0,,0,0,0,0,0,0,b27d6cc60928be89deb5307a8b1f335667e5e8b27cf078c1cb92006dc7169503
1/6/2023,118,0,0,0,0,,0,0,0,0,0,0,751d77b581fd2ca41817a0cce4089dfdb11452d4d4d6d1b3e179378153cc8563
31/05/2023,118,0,0,0,0,,0,0,0,0,0,0,906675e17daa7d16d389e61681751302a71002fec576e08ef87cb72ff4988494
30/05/2023,118,0,0,0,0,,0,0,0,0,0,0,61260990c238eb4083c8a548e20b0918dca56525e02ae810488424e7785094d5
29/05/2023,118,0,0,0,0,,0,0,0,0,0,0,1c5424ee3fa0cecdb640aa872177f109791016817556bd80d23660e45da52f3a
28/05/2023,118,0,0,0,0,,0,0,0,0,0,0,705b349bcbaa6716e555853a72c7c73e4afb4800b9dd741bdb5ffc34b18933ef
27/05/2023,118,0,0,0,0,,0,0,0,0,0,0,e5a644c0bbe2f34e8c363c0abf29c72e5da11ee9cb7894255a16dd6c9f1299a3
26/05/2023,118,0,0,0,0,,0,0,0,0,0,0,22cf819237e78168f176deb6f341320976278316c58cc7c57496c3bc6f38d661
25/05/2023,118,0,0,0,0,,0,0,0,0,0,0,f43438375b6e0640bb4080491f058e4b9f5ad0a303e18c4aba1a9dac622d907e
24/05/2023,118,0,0,0,0,,0,0,0,0,0,0,c6e74f3bf274813f970a623e419801ab0b84b4268b0221ad449e4067d1a6fa36
23/05/2023,118,0,0,0,0,,0,0,0,0,0,0,cd8e30ec7f7fbcd31afad4933c362b52f837e00cc0a464ab27dbda4618b1c444
22/05/2023,118,0,0,0,0,,0,0,0,0,0,0,647c7fd670017f86b184f3ecefcf4cb2bc071614acbd936531efa89070b1b04a
21/05/2023,118,0,0,0,0,,0,0,0,0,0,0,84294b5c3aa5e3d0750231b6bd77af18bc7631cd311ea08caa284cff36ef9049
20/05/2023,118,0,0,0,0,,0,0,0,0,0,0,c6d9ed458d5f5f70522e65cb4b7ff247dcb2e172912561613b2171b80f5a25e9
19/05/2023,118,0,0,0,0,,0,0,0,0,0,0,cdd5301f61068cb229b7eb1a07ec8603bd32098389d9c175527db8dd35530aca
18/05/2023,118,0,0,0,0,,0,0,0,0,0,0,2c96c548ab755885d19de8a90bfa7ae0f975889c99bf26a33ed0d612f2db3e92
17/05/2023,118,0,0,0,0,,0,0,0,0,0,0,02154a3a93eaec32b9bdc88b79d7193c68ab06c158851395c1a0ff4e1fe5246e
16/05/2023,118,0,0,0,0,,0,0,0,0,0,0,2682a4bc8dd9519f100400d5a46dd91851293816c42aef973485038384f748ba
15/05/2023,118,0,0,0,0,,0,0,0,0,0,0,c8405146e5e03eb2eab95c008db863c093ad0f13379457d0a20e3b873be9bdb3
14/05/2023,118,0,0,0,0,,0,0,0,0,0,0,99ed947b8629afd92e4fa0ce6a7716bafac1874b8eb03c1f9d9c591ff81e4fc0
13/05/2023,118,0,0,0,0,,0,0,0,0,0,0,4ea5631361c2c0e0ef25b5eb9d1ea58cbd9f049e1545adc71039b127f3ec0bee
12/5/2023,118,0,0,0,0,,0,0,0,0,0,0,e0c024fd54ac8f1d2bebebf820ebafe7f100e5fd332fecb22b823d1295cf2f0c
11/5/2023,118,0,0,0,0,,0,0,0,0,0,0,56cd28b3aa5536f6eeb92fa41744ef2e362bdfb70085011a453285d8094e2c64
10/5/2023,118,0,0,0,0,,0,0,0,0,0,0,fa0476f1b5be9d0251e4ae2abce2a5b87812b526d008e35b9c904b0d7b60ebbf
9/5/2023,118,0,0,0,0,,0,0,0,0,0,0,f02ed133e2d6c9ed84ba0ccdf04e911be7ae5a2c79997a095c24851b14afaec3
8/5/2023,118,0,0,0,0,,0,0,0,0,0,0,c83e79febf7e251db040cba4399672fbef4af972f3f4f583e6cbf11dc7ca784b
7/5/2023,118,0,0,0,0,,0,0,0,0,0,0,8bbd78aaf94170ba836be52765505ab6f8909932156440547f825e65830960b3
6/5/2023,118,0,0,0,0,,0,0,0,0,0,0,02ee14bb10dfde62dc51335c9821eb8e1e06ec27c0e05d8ce3470a2d67d28129
5/5/2023,118,0,0,0,0,,0,0,0,0,0,0,b4faddedab5e37d4e0f3266f2d9f74247d2dde5adbda1a46d5642f5b44de9882
4/5/2023,118,0,0,0,0,,0,0,0,0,0,0,bd19ae1159b2703dfac2d741b12ffcdd4d629b3d0da594e6800554c788f59912
3/5/2023,118,0,0,0,0,,0,0,0,0,0,0,dba456e54b51a964010afa93ca8758d42b846caa7fcb09e4bae35849980b5b2e
2/5/2023,118,0,0,0,0,,0,0,0,0,0,0,9cdacf8f864eb68f134ec6e6f5f8f63ce5bc36ded97ce7f44f958f02cb5ebd8d
1/5/2023,118,0,0,0,0,,0,0,0,0,0,0,a0158a3759766a823bb2b5481776b97854d825bfdf1638872e7903207dc72630
30/04/2023,118,0,0,0,0,,0,0,0,0,0,0,adf5dd56213701adbe74344bfe9137af934a92935f67da106017b99b31849811
29/04/2023,118,0,0,0,0,,0,0,0,0,0,0,4cb77819f79b46fdeab8eade3659498fb6ac5cd229c14b9c08bc90b8becc36a0
28/04/2023,118,0,0,0,0,,0,0,0,0,0,0,b4e94ca1253347575c9f40ea677b378ac34d691288e90ce6f21d3d4b2dedce98
27/04/2023,118,0,0,0,0,,0,0,0,0,0,0,29277f4d0be495eede4af2dee6247a296e0f81cded0646226b215f90f520bc15
26/04/2023,118,0,0,0,0,,0,0,0,0,0,0,6ee35dda0069cd599d4c0e6eda690330deae2eecbad5a85fda061e4a167d587b
25/04/2023,118,0,0,0,0,,0,0,0,0,0,0,b698bc245864d7c6c7a13e5a5114a0498ed14ebb1c7ac58757edf74cb9349aa2
24/04/2023,118,0,0,0,0,,0,0,0,0,0,0,43a2824cb1af9052ab4ab626851e751a98436999f23a677d2707eb0850c1c78d
23/04/2023,118,0,0,0,0,,0,0,0,0,0,0,72b7136464a83d1c9d9e9e8898dda97144164bd8009aef4f0fe5e01cbcd0de2d
22/04/2023,118,0,0,0,0,,0,0,0,0,0,0,75fb00e1ddb39e566a8101c5eb099bd7c18f10f51746c3f6d5b8b1d09d69d9dc
21/04/2023,118,0,0,0,0,,0,0,0,0,0,0,a02be6fab3d57f08a6e41905f6bb1d8f1f1c4c38af9179fe907b53c191937c81
20/04/2023,118,0,0,0,0,,0,0,0,0,0,0,18a0b942d65aab3266569d9fb599c37bcfc4b3304a236d0826cbb21f006a14cc
19/04/2023,118,0,0,0,0,,0,0,0,0,0,0,02045d96faf7e127d92143ab7482eb0c9711fc7f0506f8e0a90d06435d878c93
18/04/2023,118,0,0,0,0,,0,0,0,0,0,0,1f15fe2bf3c61a374926ba1c154765f9c17a3ec5544c96f28a3ea1e3a5cfa0d2
17/04/2023,118,0,0,0,0,,0,0,0,0,0,0,9cf2061347cdf00491992c45cb5495537c90f64698cae7ff38cf349adbf4cc9f
16/04/2023,118,0,0,0,0,,0,0,0,0,0,0,78a9c0d7a9bdb9a10f7a469cc840b0f8d8ac1e46135847c2a70b44ea92cde044
15/04/2023,118,0,0,0,0,,0,0,0,0,0,0,13c5df0a07049315363df8ae81b1570a211b0799e523273f80f0220a757be03d
14/04/2023,118,0,0,0,0,,0,0,0,0,0,0,21d66c550f509f7e8d6a42768483d59baee077ff1c66576849be3e20c92880a2
13/04/2023,118,0,0,0,0,,0,0,0,0,0,0,4cc78512bb4d4df3ebac51e5610139c361a0a6b039eda4543515a8a375184bbc
12/4/2023,118,0,0,0,0,,0,0,0,0,0,0,0e28e2af21cd26646217ddfea6710d4da3b290d39edfa72ea6820daed705afff
11/4/2023,118,0,0,0,0,,0,0,0,0,0,0,560bd7468298d84f99da9b8992ecdbe7ceddeea50e710137e4bddc301de03f0d
10/4/2023,118,0,0,0,0,,0,0,0,0,0,0,7b9917e65977b19889f801dc58f4ac6e5178324072774623ddbd744bcdbdaa46
9/4/2023,118,0,0,0,0,,0,0,0,0,0,0,2825a9403ea3e36cc9fe972e4f4c5dd7e5b5765fe588f4a82c60befa44f3479f
8/4/2023,118,0,0,0,0,,0,0,0,0,0,0,58eab3a6ee44c998d31b5d860711dda5d2d709254244b63d73be7a2c162c4b26
7/4/2023,118,0,0,0,0,,0,0,0,0,0,0,b317aad29934983c3f6a910a7823650df299e112795ea43d248189dfcd9d3ed1
6/4/2023,118,0,0,0,0,,0,0,0,0,0,0,9aed395c10b8ccfd1bce1803ca22b4a7cfba63b6d6e658a3ec63635affdb88dd
5/4/2023,118,0,0,0,0,,0,0,0,0,0,0,56a9f1acd09d0c27bd7eff18c63bdafbb3b70a5d0929baa01505646f522f227b
4/4/2023,118,0,0,0,0,,0,0,0,0,0,0,8440a612c02f10afd488abd5f9b2b352cf18b63b49b677ad16e3b09e2f8efcd8
3/4/2023,118,0,0,0,0,,0,0,0,0,0,0,371a4ed5109a02d5fb96362c7fcac808e19cf437532b49d4d70cd3da7868e1f0
2/4/2023,118,0,0,0,0,,0,0,0,0,0,0,
